======== ABC command line "&acec -T 1800 -v lhs.aig rhs.aig"
Xor node 12261 belongs to Tree 69 and Tree 67.
Xor node 11576 belongs to Tree 69 and Tree 67.
Xor node 12010 belongs to Tree 69 and Tree 67.
Xor node 11808 belongs to Tree 69 and Tree 67.
Xor node 12190 belongs to Tree 69 and Tree 67.
Xor node 11996 belongs to Tree 69 and Tree 67.
Xor node 6603 belongs to Tree 67 and Tree 66.
Xor node 11840 belongs to Tree 69 and Tree 66.
Xor node 11576 belongs to Tree 69 and Tree 66.
Xor node 12010 belongs to Tree 69 and Tree 66.
Xor node 11808 belongs to Tree 69 and Tree 66.
Xor node 11996 belongs to Tree 69 and Tree 66.
Xor node 6603 belongs to Tree 67 and Tree 65.
Xor node 10487 belongs to Tree 69 and Tree 65.
Xor node 11209 belongs to Tree 69 and Tree 65.
Xor node 11885 belongs to Tree 69 and Tree 65.
Xor node 11862 belongs to Tree 69 and Tree 65.
Xor node 11840 belongs to Tree 69 and Tree 65.
Xor node 11576 belongs to Tree 69 and Tree 65.
Xor node 11808 belongs to Tree 69 and Tree 65.
Xor node 6605 belongs to Tree 69 and Tree 65.
Xor node 6603 belongs to Tree 67 and Tree 63.
Xor node 10972 belongs to Tree 67 and Tree 63.
Xor node 10971 belongs to Tree 67 and Tree 63.
Xor node 11652 belongs to Tree 67 and Tree 63.
Xor node 11653 belongs to Tree 67 and Tree 63.
Xor node 11645 belongs to Tree 67 and Tree 63.
Xor node 11576 belongs to Tree 69 and Tree 63.
Xor node 10873 belongs to Tree 69 and Tree 63.
Xor node 6605 belongs to Tree 69 and Tree 63.
Xor node 10363 belongs to Tree 64 and Tree 63.
Xor node 11552 belongs to Tree 64 and Tree 63.
Xor node 6603 belongs to Tree 67 and Tree 61.
Xor node 10729 belongs to Tree 66 and Tree 61.
Xor node 10732 belongs to Tree 66 and Tree 61.
Xor node 11427 belongs to Tree 66 and Tree 61.
Xor node 11428 belongs to Tree 66 and Tree 61.
Xor node 11420 belongs to Tree 66 and Tree 61.
Xor node 10873 belongs to Tree 69 and Tree 61.
Xor node 11114 belongs to Tree 62 and Tree 61.
Xor node 9944 belongs to Tree 69 and Tree 61.
Xor node 6605 belongs to Tree 69 and Tree 61.
Xor node 10363 belongs to Tree 64 and Tree 61.
Xor node 10122 belongs to Tree 64 and Tree 61.
Xor node 6603 belongs to Tree 67 and Tree 59.
Xor node 10484 belongs to Tree 69 and Tree 59.
Xor node 10487 belongs to Tree 69 and Tree 59.
Xor node 11208 belongs to Tree 69 and Tree 59.
Xor node 11209 belongs to Tree 69 and Tree 59.
Xor node 11201 belongs to Tree 69 and Tree 59.
Xor node 9944 belongs to Tree 69 and Tree 59.
Xor node 10873 belongs to Tree 69 and Tree 59.
Xor node 11114 belongs to Tree 62 and Tree 59.
Xor node 6605 belongs to Tree 69 and Tree 59.
Xor node 10363 belongs to Tree 64 and Tree 59.
Xor node 10122 belongs to Tree 64 and Tree 59.
Xor node 6603 belongs to Tree 67 and Tree 57.
Xor node 4866 belongs to Tree 63 and Tree 57.
Xor node 10250 belongs to Tree 63 and Tree 57.
Xor node 10253 belongs to Tree 63 and Tree 57.
Xor node 10971 belongs to Tree 67 and Tree 57.
Xor node 10972 belongs to Tree 67 and Tree 57.
Xor node 10964 belongs to Tree 67 and Tree 57.
Xor node 9944 belongs to Tree 69 and Tree 57.
Xor node 10908 belongs to Tree 59 and Tree 57.
Xor node 10910 belongs to Tree 58 and Tree 57.
Xor node 10914 belongs to Tree 58 and Tree 57.
Xor node 10873 belongs to Tree 69 and Tree 57.
Xor node 6605 belongs to Tree 69 and Tree 57.
Xor node 10363 belongs to Tree 64 and Tree 57.
Xor node 10122 belongs to Tree 64 and Tree 57.
Xor node 6603 belongs to Tree 67 and Tree 56.
Xor node 4593 belongs to Tree 61 and Tree 56.
Xor node 10005 belongs to Tree 61 and Tree 56.
Xor node 10008 belongs to Tree 61 and Tree 56.
Xor node 10729 belongs to Tree 66 and Tree 56.
Xor node 10732 belongs to Tree 66 and Tree 56.
Xor node 10724 belongs to Tree 66 and Tree 56.
Xor node 9944 belongs to Tree 69 and Tree 56.
Xor node 9650 belongs to Tree 60 and Tree 56.
Xor node 10391 belongs to Tree 69 and Tree 56.
Xor node 6605 belongs to Tree 69 and Tree 56.
Xor node 10363 belongs to Tree 64 and Tree 56.
Xor node 10122 belongs to Tree 64 and Tree 56.
Xor node 6603 belongs to Tree 67 and Tree 55.
Xor node 10538 belongs to Tree 69 and Tree 55.
Xor node 8206 belongs to Tree 69 and Tree 55.
Xor node 10509 belongs to Tree 69 and Tree 55.
Xor node 10510 belongs to Tree 69 and Tree 55.
Xor node 10516 belongs to Tree 69 and Tree 55.
Xor node 9759 belongs to Tree 59 and Tree 69.
Xor node 9758 belongs to Tree 59 and Tree 69.
Xor node 10494 belongs to Tree 69 and Tree 55.
Xor node 10484 belongs to Tree 69 and Tree 55.
Xor node 10487 belongs to Tree 69 and Tree 55.
Xor node 9944 belongs to Tree 69 and Tree 55.
Xor node 9650 belongs to Tree 60 and Tree 55.
Xor node 10434 belongs to Tree 56 and Tree 55.
Xor node 10200 belongs to Tree 56 and Tree 55.
Xor node 10391 belongs to Tree 69 and Tree 55.
Xor node 6605 belongs to Tree 69 and Tree 55.
Xor node 10363 belongs to Tree 64 and Tree 55.
Xor node 10122 belongs to Tree 64 and Tree 55.
Xor node 6603 belongs to Tree 67 and Tree 54.
Xor node 10303 belongs to Tree 67 and Tree 54.
Xor node 10307 belongs to Tree 67 and Tree 54.
Xor node 7937 belongs to Tree 67 and Tree 54.
Xor node 7943 belongs to Tree 67 and Tree 54.
Xor node 10275 belongs to Tree 67 and Tree 54.
Xor node 10281 belongs to Tree 67 and Tree 54.
Xor node 10282 belongs to Tree 67 and Tree 54.
Xor node 9499 belongs to Tree 57 and Tree 67.
Xor node 9498 belongs to Tree 57 and Tree 67.
Xor node 10256 belongs to Tree 67 and Tree 54.
Xor node 10260 belongs to Tree 67 and Tree 54.
Xor node 10250 belongs to Tree 63 and Tree 67.
Xor node 10253 belongs to Tree 63 and Tree 67.
Xor node 9944 belongs to Tree 69 and Tree 54.
Xor node 9650 belongs to Tree 60 and Tree 54.
Xor node 10200 belongs to Tree 56 and Tree 54.
Xor node 6605 belongs to Tree 69 and Tree 54.
Xor node 10122 belongs to Tree 64 and Tree 54.
Xor node 6603 belongs to Tree 67 and Tree 53.
Xor node 7622 belongs to Tree 66 and Tree 53.
Xor node 10059 belongs to Tree 66 and Tree 53.
Xor node 10030 belongs to Tree 66 and Tree 53.
Xor node 10036 belongs to Tree 66 and Tree 53.
Xor node 10037 belongs to Tree 66 and Tree 53.
Xor node 9238 belongs to Tree 56 and Tree 66.
Xor node 9237 belongs to Tree 56 and Tree 66.
Xor node 10011 belongs to Tree 66 and Tree 53.
Xor node 10015 belongs to Tree 66 and Tree 53.
Xor node 10005 belongs to Tree 61 and Tree 66.
Xor node 10008 belongs to Tree 61 and Tree 66.
Xor node 9944 belongs to Tree 69 and Tree 53.
Xor node 9650 belongs to Tree 60 and Tree 53.
Xor node 9654 belongs to Tree 56 and Tree 53.
Xor node 6605 belongs to Tree 69 and Tree 53.
Xor node 7728 belongs to Tree 64 and Tree 53.
Xor node 7458 belongs to Tree 64 and Tree 53.
Xor node 6603 belongs to Tree 67 and Tree 52.
Xor node 5693 belongs to Tree 65 and Tree 52.
Xor node 9810 belongs to Tree 65 and Tree 52.
Xor node 9781 belongs to Tree 65 and Tree 52.
Xor node 9787 belongs to Tree 65 and Tree 52.
Xor node 9788 belongs to Tree 65 and Tree 52.
Xor node 8977 belongs to Tree 69 and Tree 65.
Xor node 8976 belongs to Tree 69 and Tree 65.
Xor node 9762 belongs to Tree 65 and Tree 52.
Xor node 9766 belongs to Tree 69 and Tree 52.
Xor node 9758 belongs to Tree 59 and Tree 65.
Xor node 9759 belongs to Tree 59 and Tree 65.
Xor node 9650 belongs to Tree 60 and Tree 52.
Xor node 9654 belongs to Tree 56 and Tree 52.
Xor node 8611 belongs to Tree 59 and Tree 60.
Xor node 9647 belongs to Tree 59 and Tree 60.
Xor node 9152 belongs to Tree 69 and Tree 52.
Xor node 8845 belongs to Tree 69 and Tree 52.
Xor node 6605 belongs to Tree 69 and Tree 52.
Xor node 7728 belongs to Tree 64 and Tree 52.
Xor node 7458 belongs to Tree 64 and Tree 52.
Xor node 6603 belongs to Tree 67 and Tree 51.
Xor node 4866 belongs to Tree 63 and Tree 51.
Xor node 9550 belongs to Tree 63 and Tree 51.
Xor node 9521 belongs to Tree 63 and Tree 51.
Xor node 9527 belongs to Tree 63 and Tree 51.
Xor node 9528 belongs to Tree 63 and Tree 51.
Xor node 8714 belongs to Tree 67 and Tree 63.
Xor node 8713 belongs to Tree 67 and Tree 63.
Xor node 9502 belongs to Tree 63 and Tree 51.
Xor node 9506 belongs to Tree 63 and Tree 51.
Xor node 9498 belongs to Tree 57 and Tree 63.
Xor node 9499 belongs to Tree 57 and Tree 63.
Xor node 8611 belongs to Tree 59 and Tree 51.
Xor node 9152 belongs to Tree 69 and Tree 51.
Xor node 8845 belongs to Tree 69 and Tree 51.
Xor node 6605 belongs to Tree 69 and Tree 51.
Xor node 7728 belongs to Tree 64 and Tree 51.
Xor node 7458 belongs to Tree 64 and Tree 51.
Xor node 6603 belongs to Tree 67 and Tree 50.
Xor node 4593 belongs to Tree 61 and Tree 50.
Xor node 9288 belongs to Tree 61 and Tree 50.
Xor node 9260 belongs to Tree 61 and Tree 50.
Xor node 9266 belongs to Tree 61 and Tree 50.
Xor node 9267 belongs to Tree 61 and Tree 50.
Xor node 8441 belongs to Tree 66 and Tree 61.
Xor node 8444 belongs to Tree 66 and Tree 61.
Xor node 9241 belongs to Tree 61 and Tree 50.
Xor node 9245 belongs to Tree 61 and Tree 50.
Xor node 9237 belongs to Tree 56 and Tree 61.
Xor node 9238 belongs to Tree 56 and Tree 61.
Xor node 8611 belongs to Tree 59 and Tree 50.
Xor node 9152 belongs to Tree 69 and Tree 50.
Xor node 8845 belongs to Tree 69 and Tree 50.
Xor node 6605 belongs to Tree 69 and Tree 50.
Xor node 7728 belongs to Tree 64 and Tree 50.
Xor node 7458 belongs to Tree 64 and Tree 50.
Xor node 6603 belongs to Tree 67 and Tree 49.
Xor node 5696 belongs to Tree 59 and Tree 49.
Xor node 9027 belongs to Tree 59 and Tree 49.
Xor node 8999 belongs to Tree 59 and Tree 49.
Xor node 9005 belongs to Tree 59 and Tree 49.
Xor node 9006 belongs to Tree 59 and Tree 49.
Xor node 8181 belongs to Tree 65 and Tree 59.
Xor node 8184 belongs to Tree 65 and Tree 59.
Xor node 8980 belongs to Tree 59 and Tree 49.
Xor node 8984 belongs to Tree 59 and Tree 49.
Xor node 8976 belongs to Tree 69 and Tree 59.
Xor node 8977 belongs to Tree 69 and Tree 59.
Xor node 8611 belongs to Tree 59 and Tree 49.
Xor node 8876 belongs to Tree 50 and Tree 49.
Xor node 8845 belongs to Tree 69 and Tree 49.
Xor node 6605 belongs to Tree 69 and Tree 49.
Xor node 7728 belongs to Tree 64 and Tree 49.
Xor node 7458 belongs to Tree 64 and Tree 49.
Xor node 6603 belongs to Tree 67 and Tree 48.
Xor node 4866 belongs to Tree 63 and Tree 48.
Xor node 8761 belongs to Tree 57 and Tree 48.
Xor node 6262 belongs to Tree 63 and Tree 57.
Xor node 8736 belongs to Tree 57 and Tree 48.
Xor node 8737 belongs to Tree 57 and Tree 48.
Xor node 8743 belongs to Tree 57 and Tree 48.
Xor node 7913 belongs to Tree 63 and Tree 57.
Xor node 7916 belongs to Tree 63 and Tree 57.
Xor node 8717 belongs to Tree 57 and Tree 48.
Xor node 8721 belongs to Tree 57 and Tree 48.
Xor node 8713 belongs to Tree 67 and Tree 57.
Xor node 8714 belongs to Tree 67 and Tree 57.
Xor node 8611 belongs to Tree 59 and Tree 48.
Xor node 8079 belongs to Tree 69 and Tree 48.
Xor node 7811 belongs to Tree 69 and Tree 48.
Xor node 6605 belongs to Tree 69 and Tree 48.
Xor node 7728 belongs to Tree 64 and Tree 48.
Xor node 7458 belongs to Tree 64 and Tree 48.
Xor node 6603 belongs to Tree 67 and Tree 47.
Xor node 4593 belongs to Tree 61 and Tree 47.
Xor node 8491 belongs to Tree 56 and Tree 47.
Xor node 5979 belongs to Tree 61 and Tree 56.
Xor node 8466 belongs to Tree 56 and Tree 47.
Xor node 8467 belongs to Tree 56 and Tree 47.
Xor node 8473 belongs to Tree 56 and Tree 47.
Xor node 7643 belongs to Tree 61 and Tree 56.
Xor node 7646 belongs to Tree 61 and Tree 56.
Xor node 8447 belongs to Tree 56 and Tree 47.
Xor node 8451 belongs to Tree 56 and Tree 47.
Xor node 8441 belongs to Tree 66 and Tree 56.
Xor node 8444 belongs to Tree 66 and Tree 56.
Xor node 8115 belongs to Tree 59 and Tree 47.
Xor node 8079 belongs to Tree 69 and Tree 47.
Xor node 7811 belongs to Tree 69 and Tree 47.
Xor node 6605 belongs to Tree 69 and Tree 47.
Xor node 7728 belongs to Tree 64 and Tree 47.
Xor node 7458 belongs to Tree 64 and Tree 47.
Xor node 6603 belongs to Tree 67 and Tree 46.
Xor node 8160 belongs to Tree 55 and Tree 46.
Xor node 8206 belongs to Tree 69 and Tree 46.
Xor node 8215 belongs to Tree 69 and Tree 46.
Xor node 7890 belongs to Tree 55 and Tree 69.
Xor node 8212 belongs to Tree 55 and Tree 69.
Xor node 7369 belongs to Tree 59 and Tree 55.
Xor node 7368 belongs to Tree 59 and Tree 55.
Xor node 8187 belongs to Tree 69 and Tree 46.
Xor node 8191 belongs to Tree 69 and Tree 46.
Xor node 8181 belongs to Tree 65 and Tree 69.
Xor node 8184 belongs to Tree 65 and Tree 69.
Xor node 5696 belongs to Tree 59 and Tree 55.
Xor node 6540 belongs to Tree 69 and Tree 55.
Xor node 8115 belongs to Tree 59 and Tree 46.
Xor node 8079 belongs to Tree 69 and Tree 46.
Xor node 7811 belongs to Tree 69 and Tree 46.
Xor node 6605 belongs to Tree 69 and Tree 46.
Xor node 7728 belongs to Tree 64 and Tree 46.
Xor node 7458 belongs to Tree 64 and Tree 46.
Xor node 6603 belongs to Tree 67 and Tree 45.
Xor node 7892 belongs to Tree 67 and Tree 45.
Xor node 7937 belongs to Tree 67 and Tree 45.
Xor node 7620 belongs to Tree 67 and Tree 45.
Xor node 7943 belongs to Tree 67 and Tree 45.
Xor node 7093 belongs to Tree 57 and Tree 67.
Xor node 7092 belongs to Tree 57 and Tree 67.
Xor node 7919 belongs to Tree 67 and Tree 45.
Xor node 7923 belongs to Tree 67 and Tree 45.
Xor node 7913 belongs to Tree 63 and Tree 67.
Xor node 7916 belongs to Tree 63 and Tree 67.
Xor node 4866 belongs to Tree 63 and Tree 67.
Xor node 7811 belongs to Tree 69 and Tree 45.
Xor node 6605 belongs to Tree 69 and Tree 45.
Xor node 7728 belongs to Tree 64 and Tree 45.
Xor node 7458 belongs to Tree 64 and Tree 45.
Xor node 6603 belongs to Tree 67 and Tree 44.
Xor node 7622 belongs to Tree 66 and Tree 44.
Xor node 7676 belongs to Tree 53 and Tree 44.
Xor node 7667 belongs to Tree 66 and Tree 53.
Xor node 7673 belongs to Tree 66 and Tree 53.
Xor node 6818 belongs to Tree 56 and Tree 66.
Xor node 6817 belongs to Tree 56 and Tree 66.
Xor node 7649 belongs to Tree 66 and Tree 44.
Xor node 7653 belongs to Tree 66 and Tree 44.
Xor node 7643 belongs to Tree 61 and Tree 66.
Xor node 7646 belongs to Tree 61 and Tree 66.
Xor node 4593 belongs to Tree 61 and Tree 66.
Xor node 7215 belongs to Tree 69 and Tree 44.
Xor node 6605 belongs to Tree 69 and Tree 44.
Xor node 7458 belongs to Tree 64 and Tree 44.
Xor node 6603 belongs to Tree 67 and Tree 43.
Xor node 5693 belongs to Tree 65 and Tree 43.
Xor node 7398 belongs to Tree 52 and Tree 43.
Xor node 6260 belongs to Tree 65 and Tree 52.
Xor node 7395 belongs to Tree 65 and Tree 52.
Xor node 6541 belongs to Tree 55 and Tree 65.
Xor node 6540 belongs to Tree 69 and Tree 65.
Xor node 7372 belongs to Tree 65 and Tree 43.
Xor node 7376 belongs to Tree 65 and Tree 43.
Xor node 7368 belongs to Tree 59 and Tree 65.
Xor node 7369 belongs to Tree 59 and Tree 65.
Xor node 7215 belongs to Tree 69 and Tree 43.
Xor node 6605 belongs to Tree 69 and Tree 43.
Xor node 6335 belongs to Tree 64 and Tree 43.
Xor node 6603 belongs to Tree 67 and Tree 41.
Xor node 4866 belongs to Tree 63 and Tree 41.
Xor node 7116 belongs to Tree 51 and Tree 41.
Xor node 5977 belongs to Tree 63 and Tree 51.
Xor node 6262 belongs to Tree 63 and Tree 51.
Xor node 7096 belongs to Tree 63 and Tree 41.
Xor node 7100 belongs to Tree 63 and Tree 41.
Xor node 7092 belongs to Tree 57 and Tree 63.
Xor node 7093 belongs to Tree 57 and Tree 63.
Xor node 6605 belongs to Tree 69 and Tree 41.
Xor node 6335 belongs to Tree 64 and Tree 41.
Xor node 6057 belongs to Tree 42 and Tree 41.
Xor node 4593 belongs to Tree 61 and Tree 40.
Xor node 6795 belongs to Tree 50 and Tree 40.
Xor node 6821 belongs to Tree 61 and Tree 40.
Xor node 6825 belongs to Tree 61 and Tree 40.
Xor node 6817 belongs to Tree 56 and Tree 61.
Xor node 6818 belongs to Tree 56 and Tree 61.
Xor node 5969 belongs to Tree 61 and Tree 50.
Xor node 5979 belongs to Tree 61 and Tree 50.
Xor node 6605 belongs to Tree 69 and Tree 40.
Xor node 6335 belongs to Tree 64 and Tree 40.
Xor node 6057 belongs to Tree 42 and Tree 40.
Xor node 6338 belongs to Tree 42 and Tree 40.
Xor node 5696 belongs to Tree 59 and Tree 39.
Xor node 6544 belongs to Tree 59 and Tree 39.
Xor node 6548 belongs to Tree 59 and Tree 39.
Xor node 6540 belongs to Tree 69 and Tree 59.
Xor node 6541 belongs to Tree 55 and Tree 59.
Xor node 6335 belongs to Tree 64 and Tree 39.
Xor node 6057 belongs to Tree 42 and Tree 39.
Xor node 6338 belongs to Tree 42 and Tree 39.
Xor node 4366 belongs to Tree 69 and Tree 39.
Xor node 4866 belongs to Tree 63 and Tree 38.
Xor node 6262 belongs to Tree 63 and Tree 38.
Xor node 6266 belongs to Tree 57 and Tree 38.
Xor node 6258 belongs to Tree 67 and Tree 63.
Xor node 6259 belongs to Tree 67 and Tree 63.
Xor node 6057 belongs to Tree 42 and Tree 38.
Xor node 5476 belongs to Tree 64 and Tree 38.
Xor node 5202 belongs to Tree 64 and Tree 38.
Xor node 4366 belongs to Tree 69 and Tree 38.
Xor node 4593 belongs to Tree 61 and Tree 37.
Xor node 5979 belongs to Tree 61 and Tree 37.
Xor node 5983 belongs to Tree 56 and Tree 37.
Xor node 5973 belongs to Tree 66 and Tree 61.
Xor node 5976 belongs to Tree 66 and Tree 61.
Xor node 5485 belongs to Tree 42 and Tree 37.
Xor node 5476 belongs to Tree 64 and Tree 37.
Xor node 5202 belongs to Tree 64 and Tree 37.
Xor node 4366 belongs to Tree 69 and Tree 37.
Xor node 5696 belongs to Tree 59 and Tree 36.
Xor node 5700 belongs to Tree 69 and Tree 36.
Xor node 4866 belongs to Tree 63 and Tree 65.
Xor node 5485 belongs to Tree 42 and Tree 36.
Xor node 5476 belongs to Tree 64 and Tree 36.
Xor node 5202 belongs to Tree 64 and Tree 36.
Xor node 4366 belongs to Tree 69 and Tree 36.
Xor node 4866 belongs to Tree 63 and Tree 35.
Xor node 5419 belongs to Tree 67 and Tree 35.
Xor node 5202 belongs to Tree 64 and Tree 35.
Xor node 4366 belongs to Tree 69 and Tree 35.
Xor node 4593 belongs to Tree 61 and Tree 34.
Xor node 5141 belongs to Tree 66 and Tree 34.
Xor node 4645 belongs to Tree 64 and Tree 34.
Xor node 4366 belongs to Tree 69 and Tree 34.
Xor node 4866 belongs to Tree 63 and Tree 33.
Xor node 4645 belongs to Tree 64 and Tree 33.
Xor node 4366 belongs to Tree 69 and Tree 33.
Xor node 4593 belongs to Tree 61 and Tree 32.
Xor node 4366 belongs to Tree 69 and Tree 32.
Detected 1369 full-adders and 385 half-adders.  Found 3204 XOR-cuts.  Time =     0.01 sec
The adder tree has 16 internal cut points. There is no internal fanouts.
Adders:
    0 :  2  { *0=(82,80) *1=(85,83) }
    1 :  3  { *3=(99,97) *4=(102,100) 5=(108,137) }
    2 :  3  { *8=(127,125) *9=(130,128) *10=(133,131) }
    3 :  0  { }
Inputs:
    0 :  3  { +74 +75 +79 }
    1 :  3  { +86 +88 +96 }
    2 :  4  { +112 +113 -116 +124 }
    3 :  8  { +142 +143 +147 +149 +150 +151 +167 +178 }
Outputs:
    0 :  1  { +85 }
    1 :  1  { +108 }
    2 :  4  { -137 +133 +100 +97 }
    3 :  1  { +181 }
Xor node 6874 belongs to Tree 62 and Tree 61.
Xor node 12416 belongs to Tree 62 and Tree 61.
Xor node 11770 belongs to Tree 62 and Tree 61.
Xor node 12183 belongs to Tree 62 and Tree 61.
Xor node 11966 belongs to Tree 62 and Tree 61.
Xor node 12347 belongs to Tree 62 and Tree 61.
Xor node 12126 belongs to Tree 62 and Tree 61.
Xor node 12325 belongs to Tree 62 and Tree 61.
Xor node 6874 belongs to Tree 62 and Tree 60.
Xor node 12222 belongs to Tree 61 and Tree 60.
Xor node 6876 belongs to Tree 62 and Tree 61.
Xor node 12219 belongs to Tree 62 and Tree 61.
Xor node 11770 belongs to Tree 62 and Tree 60.
Xor node 12183 belongs to Tree 62 and Tree 60.
Xor node 11966 belongs to Tree 62 and Tree 60.
Xor node 11926 belongs to Tree 62 and Tree 60.
Xor node 12143 belongs to Tree 62 and Tree 60.
Xor node 11905 belongs to Tree 61 and Tree 60.
Xor node 12126 belongs to Tree 62 and Tree 60.
Xor node 6874 belongs to Tree 62 and Tree 59.
Xor node 6876 belongs to Tree 62 and Tree 59.
Xor node 12009 belongs to Tree 62 and Tree 59.
Xor node 11770 belongs to Tree 62 and Tree 59.
Xor node 11966 belongs to Tree 62 and Tree 59.
Xor node 11926 belongs to Tree 62 and Tree 59.
Xor node 11908 belongs to Tree 62 and Tree 59.
Xor node 11677 belongs to Tree 60 and Tree 62.
Xor node 11905 belongs to Tree 61 and Tree 62.
Xor node 11900 belongs to Tree 62 and Tree 59.
Xor node 11901 belongs to Tree 62 and Tree 59.
Xor node 11195 belongs to Tree 62 and Tree 59.
Xor node 11194 belongs to Tree 62 and Tree 59.
Xor node 6874 belongs to Tree 62 and Tree 58.
Xor node 6876 belongs to Tree 62 and Tree 58.
Xor node 10607 belongs to Tree 62 and Tree 58.
Xor node 10367 belongs to Tree 62 and Tree 58.
Xor node 11770 belongs to Tree 62 and Tree 58.
Xor node 11023 belongs to Tree 62 and Tree 58.
Xor node 11738 belongs to Tree 62 and Tree 58.
Xor node 11680 belongs to Tree 61 and Tree 58.
Xor node 11438 belongs to Tree 62 and Tree 61.
Xor node 11677 belongs to Tree 60 and Tree 61.
Xor node 11672 belongs to Tree 61 and Tree 58.
Xor node 11673 belongs to Tree 61 and Tree 58.
Xor node 10945 belongs to Tree 61 and Tree 58.
Xor node 10944 belongs to Tree 61 and Tree 58.
Xor node 6874 belongs to Tree 62 and Tree 57.
Xor node 6876 belongs to Tree 62 and Tree 57.
Xor node 10607 belongs to Tree 62 and Tree 57.
Xor node 10367 belongs to Tree 62 and Tree 57.
Xor node 10084 belongs to Tree 62 and Tree 57.
Xor node 11532 belongs to Tree 62 and Tree 57.
Xor node 11023 belongs to Tree 62 and Tree 57.
Xor node 11259 belongs to Tree 62 and Tree 57.
Xor node 11494 belongs to Tree 62 and Tree 57.
Xor node 11441 belongs to Tree 60 and Tree 57.
Xor node 11199 belongs to Tree 61 and Tree 60.
Xor node 11438 belongs to Tree 62 and Tree 60.
Xor node 11433 belongs to Tree 60 and Tree 57.
Xor node 11434 belongs to Tree 60 and Tree 57.
Xor node 10705 belongs to Tree 60 and Tree 57.
Xor node 10704 belongs to Tree 60 and Tree 57.
Xor node 6874 belongs to Tree 62 and Tree 56.
Xor node 6876 belongs to Tree 62 and Tree 56.
Xor node 10607 belongs to Tree 62 and Tree 56.
Xor node 10367 belongs to Tree 62 and Tree 56.
Xor node 10084 belongs to Tree 62 and Tree 56.
Xor node 9821 belongs to Tree 62 and Tree 56.
Xor node 11294 belongs to Tree 62 and Tree 56.
Xor node 11023 belongs to Tree 62 and Tree 56.
Xor node 11259 belongs to Tree 62 and Tree 56.
Xor node 11202 belongs to Tree 62 and Tree 56.
Xor node 10949 belongs to Tree 60 and Tree 62.
Xor node 11199 belongs to Tree 61 and Tree 62.
Xor node 11194 belongs to Tree 62 and Tree 56.
Xor node 11195 belongs to Tree 62 and Tree 56.
Xor node 10461 belongs to Tree 59 and Tree 56.
Xor node 10460 belongs to Tree 59 and Tree 56.
Xor node 6874 belongs to Tree 62 and Tree 55.
Xor node 6876 belongs to Tree 62 and Tree 55.
Xor node 10607 belongs to Tree 62 and Tree 55.
Xor node 10367 belongs to Tree 62 and Tree 55.
Xor node 10084 belongs to Tree 62 and Tree 55.
Xor node 9821 belongs to Tree 62 and Tree 55.
Xor node 10567 belongs to Tree 62 and Tree 55.
Xor node 10320 belongs to Tree 62 and Tree 55.
Xor node 11023 belongs to Tree 62 and Tree 55.
Xor node 10952 belongs to Tree 61 and Tree 55.
Xor node 10709 belongs to Tree 62 and Tree 61.
Xor node 10949 belongs to Tree 60 and Tree 61.
Xor node 10944 belongs to Tree 61 and Tree 55.
Xor node 10945 belongs to Tree 61 and Tree 55.
Xor node 10211 belongs to Tree 58 and Tree 55.
Xor node 10210 belongs to Tree 58 and Tree 55.
Xor node 4668 belongs to Tree 58 and Tree 55.
Xor node 6874 belongs to Tree 62 and Tree 54.
Xor node 6876 belongs to Tree 62 and Tree 54.
Xor node 10607 belongs to Tree 62 and Tree 54.
Xor node 10367 belongs to Tree 62 and Tree 54.
Xor node 10084 belongs to Tree 62 and Tree 54.
Xor node 9821 belongs to Tree 62 and Tree 54.
Xor node 10567 belongs to Tree 62 and Tree 54.
Xor node 10320 belongs to Tree 62 and Tree 54.
Xor node 10538 belongs to Tree 62 and Tree 54.
Xor node 10778 belongs to Tree 62 and Tree 54.
Xor node 10712 belongs to Tree 60 and Tree 54.
Xor node 10465 belongs to Tree 61 and Tree 60.
Xor node 10709 belongs to Tree 62 and Tree 60.
Xor node 10704 belongs to Tree 60 and Tree 54.
Xor node 10705 belongs to Tree 60 and Tree 54.
Xor node 9949 belongs to Tree 57 and Tree 54.
Xor node 9948 belongs to Tree 57 and Tree 54.
Xor node 4385 belongs to Tree 57 and Tree 54.
Xor node 6874 belongs to Tree 62 and Tree 53.
Xor node 6876 belongs to Tree 62 and Tree 53.
Xor node 10607 belongs to Tree 62 and Tree 53.
Xor node 10367 belongs to Tree 62 and Tree 53.
Xor node 10084 belongs to Tree 62 and Tree 53.
Xor node 9821 belongs to Tree 62 and Tree 53.
Xor node 10567 belongs to Tree 62 and Tree 53.
Xor node 10320 belongs to Tree 62 and Tree 53.
Xor node 10538 belongs to Tree 62 and Tree 53.
Xor node 10464 belongs to Tree 62 and Tree 53.
Xor node 10468 belongs to Tree 62 and Tree 53.
Xor node 10215 belongs to Tree 60 and Tree 62.
Xor node 10465 belongs to Tree 61 and Tree 62.
Xor node 10460 belongs to Tree 59 and Tree 62.
Xor node 10461 belongs to Tree 59 and Tree 62.
Xor node 10450 belongs to Tree 62 and Tree 53.
Xor node 10440 belongs to Tree 62 and Tree 53.
Xor node 10446 belongs to Tree 62 and Tree 53.
Xor node 9692 belongs to Tree 56 and Tree 62.
Xor node 9691 belongs to Tree 56 and Tree 62.
Xor node 10423 belongs to Tree 62 and Tree 53.
Xor node 8052 belongs to Tree 62 and Tree 53.
Xor node 8056 belongs to Tree 62 and Tree 53.
Xor node 7765 belongs to Tree 62 and Tree 53.
Xor node 6874 belongs to Tree 62 and Tree 52.
Xor node 6876 belongs to Tree 62 and Tree 52.
Xor node 10367 belongs to Tree 62 and Tree 52.
Xor node 10084 belongs to Tree 62 and Tree 52.
Xor node 9821 belongs to Tree 62 and Tree 52.
Xor node 10320 belongs to Tree 62 and Tree 52.
Xor node 10214 belongs to Tree 61 and Tree 52.
Xor node 10218 belongs to Tree 61 and Tree 52.
Xor node 9953 belongs to Tree 59 and Tree 61.
Xor node 10215 belongs to Tree 60 and Tree 61.
Xor node 10210 belongs to Tree 58 and Tree 61.
Xor node 10211 belongs to Tree 58 and Tree 61.
Xor node 10200 belongs to Tree 61 and Tree 52.
Xor node 10190 belongs to Tree 61 and Tree 52.
Xor node 10196 belongs to Tree 61 and Tree 52.
Xor node 9425 belongs to Tree 55 and Tree 61.
Xor node 9424 belongs to Tree 55 and Tree 61.
Xor node 10170 belongs to Tree 61 and Tree 52.
Xor node 10176 belongs to Tree 61 and Tree 52.
Xor node 7773 belongs to Tree 61 and Tree 52.
Xor node 7777 belongs to Tree 61 and Tree 52.
Xor node 6874 belongs to Tree 62 and Tree 51.
Xor node 6876 belongs to Tree 62 and Tree 51.
Xor node 7986 belongs to Tree 62 and Tree 51.
Xor node 7710 belongs to Tree 62 and Tree 51.
Xor node 10084 belongs to Tree 62 and Tree 51.
Xor node 9821 belongs to Tree 62 and Tree 51.
Xor node 9800 belongs to Tree 62 and Tree 51.
Xor node 10053 belongs to Tree 62 and Tree 51.
Xor node 9952 belongs to Tree 60 and Tree 51.
Xor node 9956 belongs to Tree 60 and Tree 51.
Xor node 9696 belongs to Tree 58 and Tree 60.
Xor node 9953 belongs to Tree 59 and Tree 60.
Xor node 9948 belongs to Tree 57 and Tree 60.
Xor node 9949 belongs to Tree 57 and Tree 60.
Xor node 9938 belongs to Tree 60 and Tree 51.
Xor node 9928 belongs to Tree 60 and Tree 51.
Xor node 9934 belongs to Tree 60 and Tree 51.
Xor node 9160 belongs to Tree 54 and Tree 60.
Xor node 9159 belongs to Tree 54 and Tree 60.
Xor node 7490 belongs to Tree 60 and Tree 51.
Xor node 9914 belongs to Tree 60 and Tree 51.
Xor node 6874 belongs to Tree 62 and Tree 50.
Xor node 6876 belongs to Tree 62 and Tree 50.
Xor node 7986 belongs to Tree 62 and Tree 50.
Xor node 7710 belongs to Tree 62 and Tree 50.
Xor node 9308 belongs to Tree 62 and Tree 50.
Xor node 9030 belongs to Tree 62 and Tree 50.
Xor node 9821 belongs to Tree 62 and Tree 50.
Xor node 9800 belongs to Tree 62 and Tree 50.
Xor node 9695 belongs to Tree 59 and Tree 50.
Xor node 9699 belongs to Tree 59 and Tree 50.
Xor node 9429 belongs to Tree 57 and Tree 59.
Xor node 9696 belongs to Tree 58 and Tree 59.
Xor node 9691 belongs to Tree 56 and Tree 59.
Xor node 9692 belongs to Tree 56 and Tree 59.
Xor node 9681 belongs to Tree 59 and Tree 50.
Xor node 9671 belongs to Tree 59 and Tree 50.
Xor node 9677 belongs to Tree 59 and Tree 50.
Xor node 8879 belongs to Tree 62 and Tree 59.
Xor node 8878 belongs to Tree 62 and Tree 59.
Xor node 5500 belongs to Tree 59 and Tree 50.
Xor node 9657 belongs to Tree 59 and Tree 50.
Xor node 6874 belongs to Tree 62 and Tree 49.
Xor node 6876 belongs to Tree 62 and Tree 49.
Xor node 7986 belongs to Tree 62 and Tree 49.
Xor node 7710 belongs to Tree 62 and Tree 49.
Xor node 9308 belongs to Tree 62 and Tree 49.
Xor node 9030 belongs to Tree 62 and Tree 49.
Xor node 8747 belongs to Tree 62 and Tree 49.
Xor node 9553 belongs to Tree 62 and Tree 49.
Xor node 9428 belongs to Tree 58 and Tree 49.
Xor node 9432 belongs to Tree 58 and Tree 49.
Xor node 9164 belongs to Tree 56 and Tree 58.
Xor node 9429 belongs to Tree 57 and Tree 58.
Xor node 9424 belongs to Tree 55 and Tree 58.
Xor node 9425 belongs to Tree 55 and Tree 58.
Xor node 9414 belongs to Tree 58 and Tree 49.
Xor node 9404 belongs to Tree 58 and Tree 49.
Xor node 9410 belongs to Tree 58 and Tree 49.
Xor node 8610 belongs to Tree 61 and Tree 58.
Xor node 8609 belongs to Tree 61 and Tree 58.
Xor node 4668 belongs to Tree 58 and Tree 49.
Xor node 9390 belongs to Tree 58 and Tree 49.
Xor node 6874 belongs to Tree 62 and Tree 48.
Xor node 6876 belongs to Tree 62 and Tree 48.
Xor node 7986 belongs to Tree 62 and Tree 48.
Xor node 7710 belongs to Tree 62 and Tree 48.
Xor node 9308 belongs to Tree 62 and Tree 48.
Xor node 9030 belongs to Tree 62 and Tree 48.
Xor node 8747 belongs to Tree 62 and Tree 48.
Xor node 9005 belongs to Tree 62 and Tree 48.
Xor node 9283 belongs to Tree 62 and Tree 48.
Xor node 9163 belongs to Tree 57 and Tree 48.
Xor node 9167 belongs to Tree 57 and Tree 48.
Xor node 8883 belongs to Tree 55 and Tree 57.
Xor node 9164 belongs to Tree 56 and Tree 57.
Xor node 9159 belongs to Tree 54 and Tree 57.
Xor node 9160 belongs to Tree 54 and Tree 57.
Xor node 9149 belongs to Tree 57 and Tree 48.
Xor node 9139 belongs to Tree 57 and Tree 48.
Xor node 9145 belongs to Tree 57 and Tree 48.
Xor node 8336 belongs to Tree 60 and Tree 57.
Xor node 8335 belongs to Tree 60 and Tree 57.
Xor node 4385 belongs to Tree 57 and Tree 48.
Xor node 9129 belongs to Tree 57 and Tree 48.
Xor node 6874 belongs to Tree 62 and Tree 47.
Xor node 6876 belongs to Tree 62 and Tree 47.
Xor node 7986 belongs to Tree 62 and Tree 47.
Xor node 7710 belongs to Tree 62 and Tree 47.
Xor node 9030 belongs to Tree 62 and Tree 47.
Xor node 8747 belongs to Tree 62 and Tree 47.
Xor node 9005 belongs to Tree 62 and Tree 47.
Xor node 8882 belongs to Tree 56 and Tree 47.
Xor node 8886 belongs to Tree 56 and Tree 47.
Xor node 8614 belongs to Tree 54 and Tree 56.
Xor node 8883 belongs to Tree 55 and Tree 56.
Xor node 8878 belongs to Tree 62 and Tree 56.
Xor node 8879 belongs to Tree 62 and Tree 56.
Xor node 8868 belongs to Tree 56 and Tree 47.
Xor node 8858 belongs to Tree 56 and Tree 47.
Xor node 8864 belongs to Tree 56 and Tree 47.
Xor node 8067 belongs to Tree 59 and Tree 56.
Xor node 8066 belongs to Tree 59 and Tree 56.
Xor node 5503 belongs to Tree 56 and Tree 47.
Xor node 8851 belongs to Tree 56 and Tree 47.
Xor node 6874 belongs to Tree 62 and Tree 46.
Xor node 6876 belongs to Tree 62 and Tree 46.
Xor node 7986 belongs to Tree 62 and Tree 46.
Xor node 7710 belongs to Tree 62 and Tree 46.
Xor node 8222 belongs to Tree 62 and Tree 46.
Xor node 7945 belongs to Tree 62 and Tree 46.
Xor node 8747 belongs to Tree 62 and Tree 46.
Xor node 8613 belongs to Tree 55 and Tree 46.
Xor node 8617 belongs to Tree 55 and Tree 46.
Xor node 8340 belongs to Tree 62 and Tree 55.
Xor node 8614 belongs to Tree 54 and Tree 55.
Xor node 8609 belongs to Tree 61 and Tree 55.
Xor node 8610 belongs to Tree 61 and Tree 55.
Xor node 8599 belongs to Tree 55 and Tree 46.
Xor node 8589 belongs to Tree 55 and Tree 46.
Xor node 8595 belongs to Tree 55 and Tree 46.
Xor node 7787 belongs to Tree 58 and Tree 55.
Xor node 7786 belongs to Tree 58 and Tree 55.
Xor node 4668 belongs to Tree 58 and Tree 46.
Xor node 8582 belongs to Tree 55 and Tree 46.
Xor node 6072 belongs to Tree 58 and Tree 55.
Xor node 6874 belongs to Tree 62 and Tree 45.
Xor node 6876 belongs to Tree 62 and Tree 45.
Xor node 7986 belongs to Tree 62 and Tree 45.
Xor node 7710 belongs to Tree 62 and Tree 45.
Xor node 8222 belongs to Tree 62 and Tree 45.
Xor node 7945 belongs to Tree 62 and Tree 45.
Xor node 8203 belongs to Tree 62 and Tree 45.
Xor node 8468 belongs to Tree 62 and Tree 45.
Xor node 8339 belongs to Tree 54 and Tree 45.
Xor node 8343 belongs to Tree 54 and Tree 45.
Xor node 8071 belongs to Tree 61 and Tree 54.
Xor node 8340 belongs to Tree 62 and Tree 54.
Xor node 8335 belongs to Tree 60 and Tree 54.
Xor node 8336 belongs to Tree 60 and Tree 54.
Xor node 8325 belongs to Tree 54 and Tree 45.
Xor node 8315 belongs to Tree 54 and Tree 45.
Xor node 8321 belongs to Tree 54 and Tree 45.
Xor node 7507 belongs to Tree 57 and Tree 54.
Xor node 7506 belongs to Tree 57 and Tree 54.
Xor node 4385 belongs to Tree 57 and Tree 45.
Xor node 8311 belongs to Tree 54 and Tree 45.
Xor node 5790 belongs to Tree 57 and Tree 54.
Xor node 6874 belongs to Tree 62 and Tree 44.
Xor node 6876 belongs to Tree 62 and Tree 44.
Xor node 7986 belongs to Tree 62 and Tree 44.
Xor node 7710 belongs to Tree 62 and Tree 44.
Xor node 8222 belongs to Tree 62 and Tree 44.
Xor node 7945 belongs to Tree 62 and Tree 44.
Xor node 8203 belongs to Tree 62 and Tree 44.
Xor node 8046 belongs to Tree 53 and Tree 44.
Xor node 8070 belongs to Tree 62 and Tree 44.
Xor node 8074 belongs to Tree 62 and Tree 44.
Xor node 7791 belongs to Tree 60 and Tree 62.
Xor node 8071 belongs to Tree 61 and Tree 62.
Xor node 8066 belongs to Tree 59 and Tree 62.
Xor node 8067 belongs to Tree 59 and Tree 62.
Xor node 8056 belongs to Tree 62 and Tree 44.
Xor node 7765 belongs to Tree 62 and Tree 44.
Xor node 8052 belongs to Tree 62 and Tree 44.
Xor node 7218 belongs to Tree 56 and Tree 62.
Xor node 7217 belongs to Tree 56 and Tree 62.
Xor node 5503 belongs to Tree 56 and Tree 53.
Xor node 6356 belongs to Tree 62 and Tree 53.
Xor node 6874 belongs to Tree 62 and Tree 43.
Xor node 6876 belongs to Tree 62 and Tree 43.
Xor node 7986 belongs to Tree 62 and Tree 43.
Xor node 7710 belongs to Tree 62 and Tree 43.
Xor node 7945 belongs to Tree 62 and Tree 43.
Xor node 7767 belongs to Tree 61 and Tree 43.
Xor node 7790 belongs to Tree 61 and Tree 43.
Xor node 7794 belongs to Tree 61 and Tree 43.
Xor node 7511 belongs to Tree 59 and Tree 61.
Xor node 7791 belongs to Tree 60 and Tree 61.
Xor node 7786 belongs to Tree 58 and Tree 61.
Xor node 7787 belongs to Tree 58 and Tree 61.
Xor node 7777 belongs to Tree 61 and Tree 43.
Xor node 7488 belongs to Tree 61 and Tree 43.
Xor node 7773 belongs to Tree 61 and Tree 43.
Xor node 6932 belongs to Tree 55 and Tree 61.
Xor node 6931 belongs to Tree 55 and Tree 61.
Xor node 4668 belongs to Tree 58 and Tree 61.
Xor node 6874 belongs to Tree 62 and Tree 42.
Xor node 6876 belongs to Tree 62 and Tree 42.
Xor node 7710 belongs to Tree 62 and Tree 42.
Xor node 7375 belongs to Tree 62 and Tree 42.
Xor node 7660 belongs to Tree 62 and Tree 42.
Xor node 7490 belongs to Tree 60 and Tree 42.
Xor node 7510 belongs to Tree 60 and Tree 42.
Xor node 7514 belongs to Tree 60 and Tree 42.
Xor node 7222 belongs to Tree 58 and Tree 60.
Xor node 7511 belongs to Tree 59 and Tree 60.
Xor node 7506 belongs to Tree 57 and Tree 60.
Xor node 7507 belongs to Tree 57 and Tree 60.
Xor node 7500 belongs to Tree 51 and Tree 42.
Xor node 7496 belongs to Tree 60 and Tree 51.
Xor node 7497 belongs to Tree 60 and Tree 51.
Xor node 6640 belongs to Tree 54 and Tree 60.
Xor node 6639 belongs to Tree 54 and Tree 60.
Xor node 4385 belongs to Tree 57 and Tree 60.
Xor node 6874 belongs to Tree 62 and Tree 41.
Xor node 6876 belongs to Tree 62 and Tree 41.
Xor node 6572 belongs to Tree 62 and Tree 41.
Xor node 7422 belongs to Tree 62 and Tree 41.
Xor node 7375 belongs to Tree 62 and Tree 41.
Xor node 5500 belongs to Tree 59 and Tree 41.
Xor node 7221 belongs to Tree 59 and Tree 41.
Xor node 7225 belongs to Tree 59 and Tree 41.
Xor node 6936 belongs to Tree 57 and Tree 59.
Xor node 7222 belongs to Tree 58 and Tree 59.
Xor node 7217 belongs to Tree 56 and Tree 59.
Xor node 7218 belongs to Tree 56 and Tree 59.
Xor node 7211 belongs to Tree 50 and Tree 41.
Xor node 6070 belongs to Tree 59 and Tree 50.
Xor node 7208 belongs to Tree 59 and Tree 50.
Xor node 6357 belongs to Tree 62 and Tree 59.
Xor node 4666 belongs to Tree 62 and Tree 59.
Xor node 6356 belongs to Tree 62 and Tree 59.
Xor node 6874 belongs to Tree 62 and Tree 40.
Xor node 6876 belongs to Tree 62 and Tree 40.
Xor node 6572 belongs to Tree 62 and Tree 40.
Xor node 6274 belongs to Tree 62 and Tree 40.
Xor node 7134 belongs to Tree 62 and Tree 40.
Xor node 4668 belongs to Tree 58 and Tree 40.
Xor node 6935 belongs to Tree 58 and Tree 40.
Xor node 6939 belongs to Tree 58 and Tree 40.
Xor node 6644 belongs to Tree 56 and Tree 58.
Xor node 6936 belongs to Tree 57 and Tree 58.
Xor node 6931 belongs to Tree 55 and Tree 58.
Xor node 6932 belongs to Tree 55 and Tree 58.
Xor node 6925 belongs to Tree 49 and Tree 40.
Xor node 5788 belongs to Tree 58 and Tree 49.
Xor node 6072 belongs to Tree 58 and Tree 49.
Xor node 6876 belongs to Tree 62 and Tree 39.
Xor node 6572 belongs to Tree 62 and Tree 39.
Xor node 6274 belongs to Tree 62 and Tree 39.
Xor node 6551 belongs to Tree 62 and Tree 39.
Xor node 6834 belongs to Tree 62 and Tree 39.
Xor node 4385 belongs to Tree 57 and Tree 39.
Xor node 6636 belongs to Tree 48 and Tree 39.
Xor node 6643 belongs to Tree 57 and Tree 39.
Xor node 6647 belongs to Tree 57 and Tree 39.
Xor node 6361 belongs to Tree 55 and Tree 57.
Xor node 6644 belongs to Tree 56 and Tree 57.
Xor node 6639 belongs to Tree 54 and Tree 57.
Xor node 6640 belongs to Tree 54 and Tree 57.
Xor node 5501 belongs to Tree 57 and Tree 48.
Xor node 5790 belongs to Tree 57 and Tree 48.
Xor node 4612 belongs to Tree 62 and Tree 38.
Xor node 6572 belongs to Tree 62 and Tree 38.
Xor node 6274 belongs to Tree 62 and Tree 38.
Xor node 6551 belongs to Tree 62 and Tree 38.
Xor node 5503 belongs to Tree 56 and Tree 38.
Xor node 6360 belongs to Tree 56 and Tree 38.
Xor node 6364 belongs to Tree 56 and Tree 38.
Xor node 6073 belongs to Tree 54 and Tree 56.
Xor node 6361 belongs to Tree 55 and Tree 56.
Xor node 6356 belongs to Tree 62 and Tree 56.
Xor node 6357 belongs to Tree 62 and Tree 56.
Xor node 4612 belongs to Tree 62 and Tree 37.
Xor node 5712 belongs to Tree 62 and Tree 37.
Xor node 5429 belongs to Tree 62 and Tree 37.
Xor node 6274 belongs to Tree 62 and Tree 37.
Xor node 4668 belongs to Tree 58 and Tree 37.
Xor node 6072 belongs to Tree 58 and Tree 37.
Xor node 6076 belongs to Tree 55 and Tree 37.
Xor node 5791 belongs to Tree 62 and Tree 55.
Xor node 6073 belongs to Tree 54 and Tree 55.
Xor node 6068 belongs to Tree 61 and Tree 58.
Xor node 6069 belongs to Tree 61 and Tree 58.
Xor node 4612 belongs to Tree 62 and Tree 36.
Xor node 5712 belongs to Tree 62 and Tree 36.
Xor node 5429 belongs to Tree 62 and Tree 36.
Xor node 5697 belongs to Tree 62 and Tree 36.
Xor node 5984 belongs to Tree 62 and Tree 36.
Xor node 4385 belongs to Tree 57 and Tree 36.
Xor node 5790 belongs to Tree 57 and Tree 36.
Xor node 5794 belongs to Tree 54 and Tree 36.
Xor node 5504 belongs to Tree 61 and Tree 54.
Xor node 5791 belongs to Tree 62 and Tree 54.
Xor node 5786 belongs to Tree 60 and Tree 57.
Xor node 5787 belongs to Tree 60 and Tree 57.
Xor node 4612 belongs to Tree 62 and Tree 35.
Xor node 5712 belongs to Tree 62 and Tree 35.
Xor node 5429 belongs to Tree 62 and Tree 35.
Xor node 5697 belongs to Tree 62 and Tree 35.
Xor node 5503 belongs to Tree 56 and Tree 35.
Xor node 5507 belongs to Tree 62 and Tree 35.
Xor node 5219 belongs to Tree 60 and Tree 62.
Xor node 5504 belongs to Tree 61 and Tree 62.
Xor node 4666 belongs to Tree 62 and Tree 56.
Xor node 5500 belongs to Tree 59 and Tree 56.
Xor node 4668 belongs to Tree 58 and Tree 59.
Xor node 4938 belongs to Tree 62 and Tree 59.
Xor node 4612 belongs to Tree 62 and Tree 34.
Xor node 5429 belongs to Tree 62 and Tree 34.
Xor node 4668 belongs to Tree 58 and Tree 34.
Xor node 5222 belongs to Tree 61 and Tree 34.
Xor node 4938 belongs to Tree 62 and Tree 61.
Xor node 5219 belongs to Tree 60 and Tree 61.
Xor node 4612 belongs to Tree 62 and Tree 33.
Xor node 4866 belongs to Tree 62 and Tree 33.
Xor node 5140 belongs to Tree 62 and Tree 33.
Xor node 4385 belongs to Tree 57 and Tree 33.
Xor node 4941 belongs to Tree 60 and Tree 33.
Xor node 4665 belongs to Tree 62 and Tree 60.
Xor node 4938 belongs to Tree 62 and Tree 60.
Xor node 4612 belongs to Tree 62 and Tree 32.
Xor node 4866 belongs to Tree 62 and Tree 32.
Xor node 4668 belongs to Tree 58 and Tree 32.
Xor node 4385 belongs to Tree 57 and Tree 58.
Xor node 4665 belongs to Tree 62 and Tree 58.
Xor node 4612 belongs to Tree 62 and Tree 31.
Xor node 4385 belongs to Tree 57 and Tree 31.
Detected 1471 full-adders and 297 half-adders.  Found 3275 XOR-cuts.  Time =     0.01 sec
Xor node 6874 belongs to Tree 62 and Tree 61.
Xor node 12416 belongs to Tree 62 and Tree 61.
Xor node 11770 belongs to Tree 62 and Tree 61.
Xor node 12183 belongs to Tree 62 and Tree 61.
Xor node 11966 belongs to Tree 62 and Tree 61.
Xor node 12347 belongs to Tree 62 and Tree 61.
Xor node 12126 belongs to Tree 62 and Tree 61.
Xor node 12325 belongs to Tree 62 and Tree 61.
Xor node 6874 belongs to Tree 62 and Tree 60.
Xor node 12222 belongs to Tree 61 and Tree 60.
Xor node 6876 belongs to Tree 62 and Tree 61.
Xor node 12219 belongs to Tree 62 and Tree 61.
Xor node 11770 belongs to Tree 62 and Tree 60.
Xor node 12183 belongs to Tree 62 and Tree 60.
Xor node 11966 belongs to Tree 62 and Tree 60.
Xor node 11926 belongs to Tree 62 and Tree 60.
Xor node 12143 belongs to Tree 62 and Tree 60.
Xor node 11905 belongs to Tree 61 and Tree 60.
Xor node 12126 belongs to Tree 62 and Tree 60.
Xor node 6874 belongs to Tree 62 and Tree 59.
Xor node 6876 belongs to Tree 62 and Tree 59.
Xor node 12009 belongs to Tree 62 and Tree 59.
Xor node 11770 belongs to Tree 62 and Tree 59.
Xor node 11966 belongs to Tree 62 and Tree 59.
Xor node 11926 belongs to Tree 62 and Tree 59.
Xor node 11908 belongs to Tree 62 and Tree 59.
Xor node 11677 belongs to Tree 60 and Tree 62.
Xor node 11905 belongs to Tree 61 and Tree 62.
Xor node 11900 belongs to Tree 62 and Tree 59.
Xor node 11901 belongs to Tree 62 and Tree 59.
Xor node 11195 belongs to Tree 62 and Tree 59.
Xor node 11194 belongs to Tree 62 and Tree 59.
Xor node 6874 belongs to Tree 62 and Tree 58.
Xor node 6876 belongs to Tree 62 and Tree 58.
Xor node 10607 belongs to Tree 62 and Tree 58.
Xor node 10367 belongs to Tree 62 and Tree 58.
Xor node 11770 belongs to Tree 62 and Tree 58.
Xor node 11023 belongs to Tree 62 and Tree 58.
Xor node 11738 belongs to Tree 62 and Tree 58.
Xor node 11680 belongs to Tree 61 and Tree 58.
Xor node 11438 belongs to Tree 62 and Tree 61.
Xor node 11677 belongs to Tree 60 and Tree 61.
Xor node 11672 belongs to Tree 61 and Tree 58.
Xor node 11673 belongs to Tree 61 and Tree 58.
Xor node 10945 belongs to Tree 61 and Tree 58.
Xor node 10944 belongs to Tree 61 and Tree 58.
Xor node 6874 belongs to Tree 62 and Tree 57.
Xor node 6876 belongs to Tree 62 and Tree 57.
Xor node 10607 belongs to Tree 62 and Tree 57.
Xor node 10367 belongs to Tree 62 and Tree 57.
Xor node 10084 belongs to Tree 62 and Tree 57.
Xor node 11532 belongs to Tree 62 and Tree 57.
Xor node 11023 belongs to Tree 62 and Tree 57.
Xor node 11259 belongs to Tree 62 and Tree 57.
Xor node 11494 belongs to Tree 62 and Tree 57.
Xor node 11441 belongs to Tree 60 and Tree 57.
Xor node 11199 belongs to Tree 61 and Tree 60.
Xor node 11438 belongs to Tree 62 and Tree 60.
Xor node 11433 belongs to Tree 60 and Tree 57.
Xor node 11434 belongs to Tree 60 and Tree 57.
Xor node 10705 belongs to Tree 60 and Tree 57.
Xor node 10704 belongs to Tree 60 and Tree 57.
Xor node 6874 belongs to Tree 62 and Tree 56.
Xor node 6876 belongs to Tree 62 and Tree 56.
Xor node 10607 belongs to Tree 62 and Tree 56.
Xor node 10367 belongs to Tree 62 and Tree 56.
Xor node 10084 belongs to Tree 62 and Tree 56.
Xor node 9821 belongs to Tree 62 and Tree 56.
Xor node 11294 belongs to Tree 62 and Tree 56.
Xor node 11023 belongs to Tree 62 and Tree 56.
Xor node 11259 belongs to Tree 62 and Tree 56.
Xor node 11202 belongs to Tree 62 and Tree 56.
Xor node 10949 belongs to Tree 60 and Tree 62.
Xor node 11199 belongs to Tree 61 and Tree 62.
Xor node 11194 belongs to Tree 62 and Tree 56.
Xor node 11195 belongs to Tree 62 and Tree 56.
Xor node 10461 belongs to Tree 59 and Tree 56.
Xor node 10460 belongs to Tree 59 and Tree 56.
Xor node 6874 belongs to Tree 62 and Tree 55.
Xor node 6876 belongs to Tree 62 and Tree 55.
Xor node 10607 belongs to Tree 62 and Tree 55.
Xor node 10367 belongs to Tree 62 and Tree 55.
Xor node 10084 belongs to Tree 62 and Tree 55.
Xor node 9821 belongs to Tree 62 and Tree 55.
Xor node 10567 belongs to Tree 62 and Tree 55.
Xor node 10320 belongs to Tree 62 and Tree 55.
Xor node 11023 belongs to Tree 62 and Tree 55.
Xor node 10952 belongs to Tree 61 and Tree 55.
Xor node 10709 belongs to Tree 62 and Tree 61.
Xor node 10949 belongs to Tree 60 and Tree 61.
Xor node 10944 belongs to Tree 61 and Tree 55.
Xor node 10945 belongs to Tree 61 and Tree 55.
Xor node 10211 belongs to Tree 58 and Tree 55.
Xor node 10210 belongs to Tree 58 and Tree 55.
Xor node 4668 belongs to Tree 58 and Tree 55.
Xor node 6874 belongs to Tree 62 and Tree 54.
Xor node 6876 belongs to Tree 62 and Tree 54.
Xor node 10607 belongs to Tree 62 and Tree 54.
Xor node 10367 belongs to Tree 62 and Tree 54.
Xor node 10084 belongs to Tree 62 and Tree 54.
Xor node 9821 belongs to Tree 62 and Tree 54.
Xor node 10567 belongs to Tree 62 and Tree 54.
Xor node 10320 belongs to Tree 62 and Tree 54.
Xor node 10538 belongs to Tree 62 and Tree 54.
Xor node 10778 belongs to Tree 62 and Tree 54.
Xor node 10712 belongs to Tree 60 and Tree 54.
Xor node 10465 belongs to Tree 61 and Tree 60.
Xor node 10709 belongs to Tree 62 and Tree 60.
Xor node 10704 belongs to Tree 60 and Tree 54.
Xor node 10705 belongs to Tree 60 and Tree 54.
Xor node 9949 belongs to Tree 57 and Tree 54.
Xor node 9948 belongs to Tree 57 and Tree 54.
Xor node 4385 belongs to Tree 57 and Tree 54.
Xor node 6874 belongs to Tree 62 and Tree 53.
Xor node 6876 belongs to Tree 62 and Tree 53.
Xor node 10607 belongs to Tree 62 and Tree 53.
Xor node 10367 belongs to Tree 62 and Tree 53.
Xor node 10084 belongs to Tree 62 and Tree 53.
Xor node 9821 belongs to Tree 62 and Tree 53.
Xor node 10567 belongs to Tree 62 and Tree 53.
Xor node 10320 belongs to Tree 62 and Tree 53.
Xor node 10538 belongs to Tree 62 and Tree 53.
Xor node 10464 belongs to Tree 62 and Tree 53.
Xor node 10468 belongs to Tree 62 and Tree 53.
Xor node 10215 belongs to Tree 60 and Tree 62.
Xor node 10465 belongs to Tree 61 and Tree 62.
Xor node 10460 belongs to Tree 59 and Tree 62.
Xor node 10461 belongs to Tree 59 and Tree 62.
Xor node 10450 belongs to Tree 62 and Tree 53.
Xor node 10440 belongs to Tree 62 and Tree 53.
Xor node 10446 belongs to Tree 62 and Tree 53.
Xor node 9692 belongs to Tree 56 and Tree 62.
Xor node 9691 belongs to Tree 56 and Tree 62.
Xor node 10423 belongs to Tree 62 and Tree 53.
Xor node 8052 belongs to Tree 62 and Tree 53.
Xor node 8056 belongs to Tree 62 and Tree 53.
Xor node 7765 belongs to Tree 62 and Tree 53.
Xor node 6874 belongs to Tree 62 and Tree 52.
Xor node 6876 belongs to Tree 62 and Tree 52.
Xor node 10367 belongs to Tree 62 and Tree 52.
Xor node 10084 belongs to Tree 62 and Tree 52.
Xor node 9821 belongs to Tree 62 and Tree 52.
Xor node 10320 belongs to Tree 62 and Tree 52.
Xor node 10214 belongs to Tree 61 and Tree 52.
Xor node 10218 belongs to Tree 61 and Tree 52.
Xor node 9953 belongs to Tree 59 and Tree 61.
Xor node 10215 belongs to Tree 60 and Tree 61.
Xor node 10210 belongs to Tree 58 and Tree 61.
Xor node 10211 belongs to Tree 58 and Tree 61.
Xor node 10200 belongs to Tree 61 and Tree 52.
Xor node 10190 belongs to Tree 61 and Tree 52.
Xor node 10196 belongs to Tree 61 and Tree 52.
Xor node 9425 belongs to Tree 55 and Tree 61.
Xor node 9424 belongs to Tree 55 and Tree 61.
Xor node 10170 belongs to Tree 61 and Tree 52.
Xor node 10176 belongs to Tree 61 and Tree 52.
Xor node 7773 belongs to Tree 61 and Tree 52.
Xor node 7777 belongs to Tree 61 and Tree 52.
Xor node 6874 belongs to Tree 62 and Tree 51.
Xor node 6876 belongs to Tree 62 and Tree 51.
Xor node 7986 belongs to Tree 62 and Tree 51.
Xor node 7710 belongs to Tree 62 and Tree 51.
Xor node 10084 belongs to Tree 62 and Tree 51.
Xor node 9821 belongs to Tree 62 and Tree 51.
Xor node 9800 belongs to Tree 62 and Tree 51.
Xor node 10053 belongs to Tree 62 and Tree 51.
Xor node 9952 belongs to Tree 60 and Tree 51.
Xor node 9956 belongs to Tree 60 and Tree 51.
Xor node 9696 belongs to Tree 58 and Tree 60.
Xor node 9953 belongs to Tree 59 and Tree 60.
Xor node 9948 belongs to Tree 57 and Tree 60.
Xor node 9949 belongs to Tree 57 and Tree 60.
Xor node 9938 belongs to Tree 60 and Tree 51.
Xor node 9928 belongs to Tree 60 and Tree 51.
Xor node 9934 belongs to Tree 60 and Tree 51.
Xor node 9160 belongs to Tree 54 and Tree 60.
Xor node 9159 belongs to Tree 54 and Tree 60.
Xor node 7490 belongs to Tree 60 and Tree 51.
Xor node 9914 belongs to Tree 60 and Tree 51.
Xor node 6874 belongs to Tree 62 and Tree 50.
Xor node 6876 belongs to Tree 62 and Tree 50.
Xor node 7986 belongs to Tree 62 and Tree 50.
Xor node 7710 belongs to Tree 62 and Tree 50.
Xor node 9308 belongs to Tree 62 and Tree 50.
Xor node 9030 belongs to Tree 62 and Tree 50.
Xor node 9821 belongs to Tree 62 and Tree 50.
Xor node 9800 belongs to Tree 62 and Tree 50.
Xor node 9695 belongs to Tree 59 and Tree 50.
Xor node 9699 belongs to Tree 59 and Tree 50.
Xor node 9429 belongs to Tree 57 and Tree 59.
Xor node 9696 belongs to Tree 58 and Tree 59.
Xor node 9691 belongs to Tree 56 and Tree 59.
Xor node 9692 belongs to Tree 56 and Tree 59.
Xor node 9681 belongs to Tree 59 and Tree 50.
Xor node 9671 belongs to Tree 59 and Tree 50.
Xor node 9677 belongs to Tree 59 and Tree 50.
Xor node 8879 belongs to Tree 62 and Tree 59.
Xor node 8878 belongs to Tree 62 and Tree 59.
Xor node 5500 belongs to Tree 59 and Tree 50.
Xor node 9657 belongs to Tree 59 and Tree 50.
Xor node 6874 belongs to Tree 62 and Tree 49.
Xor node 6876 belongs to Tree 62 and Tree 49.
Xor node 7986 belongs to Tree 62 and Tree 49.
Xor node 7710 belongs to Tree 62 and Tree 49.
Xor node 9308 belongs to Tree 62 and Tree 49.
Xor node 9030 belongs to Tree 62 and Tree 49.
Xor node 8747 belongs to Tree 62 and Tree 49.
Xor node 9553 belongs to Tree 62 and Tree 49.
Xor node 9428 belongs to Tree 58 and Tree 49.
Xor node 9432 belongs to Tree 58 and Tree 49.
Xor node 9164 belongs to Tree 56 and Tree 58.
Xor node 9429 belongs to Tree 57 and Tree 58.
Xor node 9424 belongs to Tree 55 and Tree 58.
Xor node 9425 belongs to Tree 55 and Tree 58.
Xor node 9414 belongs to Tree 58 and Tree 49.
Xor node 9404 belongs to Tree 58 and Tree 49.
Xor node 9410 belongs to Tree 58 and Tree 49.
Xor node 8610 belongs to Tree 61 and Tree 58.
Xor node 8609 belongs to Tree 61 and Tree 58.
Xor node 4668 belongs to Tree 58 and Tree 49.
Xor node 9390 belongs to Tree 58 and Tree 49.
Xor node 6874 belongs to Tree 62 and Tree 48.
Xor node 6876 belongs to Tree 62 and Tree 48.
Xor node 7986 belongs to Tree 62 and Tree 48.
Xor node 7710 belongs to Tree 62 and Tree 48.
Xor node 9308 belongs to Tree 62 and Tree 48.
Xor node 9030 belongs to Tree 62 and Tree 48.
Xor node 8747 belongs to Tree 62 and Tree 48.
Xor node 9005 belongs to Tree 62 and Tree 48.
Xor node 9283 belongs to Tree 62 and Tree 48.
Xor node 9163 belongs to Tree 57 and Tree 48.
Xor node 9167 belongs to Tree 57 and Tree 48.
Xor node 8883 belongs to Tree 55 and Tree 57.
Xor node 9164 belongs to Tree 56 and Tree 57.
Xor node 9159 belongs to Tree 54 and Tree 57.
Xor node 9160 belongs to Tree 54 and Tree 57.
Xor node 9149 belongs to Tree 57 and Tree 48.
Xor node 9139 belongs to Tree 57 and Tree 48.
Xor node 9145 belongs to Tree 57 and Tree 48.
Xor node 8336 belongs to Tree 60 and Tree 57.
Xor node 8335 belongs to Tree 60 and Tree 57.
Xor node 4385 belongs to Tree 57 and Tree 48.
Xor node 9129 belongs to Tree 57 and Tree 48.
Xor node 6874 belongs to Tree 62 and Tree 47.
Xor node 6876 belongs to Tree 62 and Tree 47.
Xor node 7986 belongs to Tree 62 and Tree 47.
Xor node 7710 belongs to Tree 62 and Tree 47.
Xor node 9030 belongs to Tree 62 and Tree 47.
Xor node 8747 belongs to Tree 62 and Tree 47.
Xor node 9005 belongs to Tree 62 and Tree 47.
Xor node 8882 belongs to Tree 56 and Tree 47.
Xor node 8886 belongs to Tree 56 and Tree 47.
Xor node 8614 belongs to Tree 54 and Tree 56.
Xor node 8883 belongs to Tree 55 and Tree 56.
Xor node 8878 belongs to Tree 62 and Tree 56.
Xor node 8879 belongs to Tree 62 and Tree 56.
Xor node 8868 belongs to Tree 56 and Tree 47.
Xor node 8858 belongs to Tree 56 and Tree 47.
Xor node 8864 belongs to Tree 56 and Tree 47.
Xor node 8067 belongs to Tree 59 and Tree 56.
Xor node 8066 belongs to Tree 59 and Tree 56.
Xor node 5503 belongs to Tree 56 and Tree 47.
Xor node 8851 belongs to Tree 56 and Tree 47.
Xor node 6874 belongs to Tree 62 and Tree 46.
Xor node 6876 belongs to Tree 62 and Tree 46.
Xor node 7986 belongs to Tree 62 and Tree 46.
Xor node 7710 belongs to Tree 62 and Tree 46.
Xor node 8222 belongs to Tree 62 and Tree 46.
Xor node 7945 belongs to Tree 62 and Tree 46.
Xor node 8747 belongs to Tree 62 and Tree 46.
Xor node 8613 belongs to Tree 55 and Tree 46.
Xor node 8617 belongs to Tree 55 and Tree 46.
Xor node 8340 belongs to Tree 62 and Tree 55.
Xor node 8614 belongs to Tree 54 and Tree 55.
Xor node 8609 belongs to Tree 61 and Tree 55.
Xor node 8610 belongs to Tree 61 and Tree 55.
Xor node 8599 belongs to Tree 55 and Tree 46.
Xor node 8589 belongs to Tree 55 and Tree 46.
Xor node 8595 belongs to Tree 55 and Tree 46.
Xor node 7787 belongs to Tree 58 and Tree 55.
Xor node 7786 belongs to Tree 58 and Tree 55.
Xor node 4668 belongs to Tree 58 and Tree 46.
Xor node 8582 belongs to Tree 55 and Tree 46.
Xor node 6072 belongs to Tree 58 and Tree 55.
Xor node 6874 belongs to Tree 62 and Tree 45.
Xor node 6876 belongs to Tree 62 and Tree 45.
Xor node 7986 belongs to Tree 62 and Tree 45.
Xor node 7710 belongs to Tree 62 and Tree 45.
Xor node 8222 belongs to Tree 62 and Tree 45.
Xor node 7945 belongs to Tree 62 and Tree 45.
Xor node 8203 belongs to Tree 62 and Tree 45.
Xor node 8468 belongs to Tree 62 and Tree 45.
Xor node 8339 belongs to Tree 54 and Tree 45.
Xor node 8343 belongs to Tree 54 and Tree 45.
Xor node 8071 belongs to Tree 61 and Tree 54.
Xor node 8340 belongs to Tree 62 and Tree 54.
Xor node 8335 belongs to Tree 60 and Tree 54.
Xor node 8336 belongs to Tree 60 and Tree 54.
Xor node 8325 belongs to Tree 54 and Tree 45.
Xor node 8315 belongs to Tree 54 and Tree 45.
Xor node 8321 belongs to Tree 54 and Tree 45.
Xor node 7507 belongs to Tree 57 and Tree 54.
Xor node 7506 belongs to Tree 57 and Tree 54.
Xor node 4385 belongs to Tree 57 and Tree 45.
Xor node 8311 belongs to Tree 54 and Tree 45.
Xor node 5790 belongs to Tree 57 and Tree 54.
Xor node 6874 belongs to Tree 62 and Tree 44.
Xor node 6876 belongs to Tree 62 and Tree 44.
Xor node 7986 belongs to Tree 62 and Tree 44.
Xor node 7710 belongs to Tree 62 and Tree 44.
Xor node 8222 belongs to Tree 62 and Tree 44.
Xor node 7945 belongs to Tree 62 and Tree 44.
Xor node 8203 belongs to Tree 62 and Tree 44.
Xor node 8046 belongs to Tree 53 and Tree 44.
Xor node 8070 belongs to Tree 62 and Tree 44.
Xor node 8074 belongs to Tree 62 and Tree 44.
Xor node 7791 belongs to Tree 60 and Tree 62.
Xor node 8071 belongs to Tree 61 and Tree 62.
Xor node 8066 belongs to Tree 59 and Tree 62.
Xor node 8067 belongs to Tree 59 and Tree 62.
Xor node 8056 belongs to Tree 62 and Tree 44.
Xor node 7765 belongs to Tree 62 and Tree 44.
Xor node 8052 belongs to Tree 62 and Tree 44.
Xor node 7218 belongs to Tree 56 and Tree 62.
Xor node 7217 belongs to Tree 56 and Tree 62.
Xor node 5503 belongs to Tree 56 and Tree 53.
Xor node 6356 belongs to Tree 62 and Tree 53.
Xor node 6874 belongs to Tree 62 and Tree 43.
Xor node 6876 belongs to Tree 62 and Tree 43.
Xor node 7986 belongs to Tree 62 and Tree 43.
Xor node 7710 belongs to Tree 62 and Tree 43.
Xor node 7945 belongs to Tree 62 and Tree 43.
Xor node 7767 belongs to Tree 61 and Tree 43.
Xor node 7790 belongs to Tree 61 and Tree 43.
Xor node 7794 belongs to Tree 61 and Tree 43.
Xor node 7511 belongs to Tree 59 and Tree 61.
Xor node 7791 belongs to Tree 60 and Tree 61.
Xor node 7786 belongs to Tree 58 and Tree 61.
Xor node 7787 belongs to Tree 58 and Tree 61.
Xor node 7777 belongs to Tree 61 and Tree 43.
Xor node 7488 belongs to Tree 61 and Tree 43.
Xor node 7773 belongs to Tree 61 and Tree 43.
Xor node 6932 belongs to Tree 55 and Tree 61.
Xor node 6931 belongs to Tree 55 and Tree 61.
Xor node 4668 belongs to Tree 58 and Tree 61.
Xor node 6874 belongs to Tree 62 and Tree 42.
Xor node 6876 belongs to Tree 62 and Tree 42.
Xor node 7710 belongs to Tree 62 and Tree 42.
Xor node 7375 belongs to Tree 62 and Tree 42.
Xor node 7660 belongs to Tree 62 and Tree 42.
Xor node 7490 belongs to Tree 60 and Tree 42.
Xor node 7510 belongs to Tree 60 and Tree 42.
Xor node 7514 belongs to Tree 60 and Tree 42.
Xor node 7222 belongs to Tree 58 and Tree 60.
Xor node 7511 belongs to Tree 59 and Tree 60.
Xor node 7506 belongs to Tree 57 and Tree 60.
Xor node 7507 belongs to Tree 57 and Tree 60.
Xor node 7500 belongs to Tree 51 and Tree 42.
Xor node 7496 belongs to Tree 60 and Tree 51.
Xor node 7497 belongs to Tree 60 and Tree 51.
Xor node 6640 belongs to Tree 54 and Tree 60.
Xor node 6639 belongs to Tree 54 and Tree 60.
Xor node 4385 belongs to Tree 57 and Tree 60.
Xor node 6874 belongs to Tree 62 and Tree 41.
Xor node 6876 belongs to Tree 62 and Tree 41.
Xor node 6572 belongs to Tree 62 and Tree 41.
Xor node 7422 belongs to Tree 62 and Tree 41.
Xor node 7375 belongs to Tree 62 and Tree 41.
Xor node 5500 belongs to Tree 59 and Tree 41.
Xor node 7221 belongs to Tree 59 and Tree 41.
Xor node 7225 belongs to Tree 59 and Tree 41.
Xor node 6936 belongs to Tree 57 and Tree 59.
Xor node 7222 belongs to Tree 58 and Tree 59.
Xor node 7217 belongs to Tree 56 and Tree 59.
Xor node 7218 belongs to Tree 56 and Tree 59.
Xor node 7211 belongs to Tree 50 and Tree 41.
Xor node 6070 belongs to Tree 59 and Tree 50.
Xor node 7208 belongs to Tree 59 and Tree 50.
Xor node 6357 belongs to Tree 62 and Tree 59.
Xor node 4666 belongs to Tree 62 and Tree 59.
Xor node 6356 belongs to Tree 62 and Tree 59.
Xor node 6874 belongs to Tree 62 and Tree 40.
Xor node 6876 belongs to Tree 62 and Tree 40.
Xor node 6572 belongs to Tree 62 and Tree 40.
Xor node 6274 belongs to Tree 62 and Tree 40.
Xor node 7134 belongs to Tree 62 and Tree 40.
Xor node 4668 belongs to Tree 58 and Tree 40.
Xor node 6935 belongs to Tree 58 and Tree 40.
Xor node 6939 belongs to Tree 58 and Tree 40.
Xor node 6644 belongs to Tree 56 and Tree 58.
Xor node 6936 belongs to Tree 57 and Tree 58.
Xor node 6931 belongs to Tree 55 and Tree 58.
Xor node 6932 belongs to Tree 55 and Tree 58.
Xor node 6925 belongs to Tree 49 and Tree 40.
Xor node 5788 belongs to Tree 58 and Tree 49.
Xor node 6072 belongs to Tree 58 and Tree 49.
Xor node 6876 belongs to Tree 62 and Tree 39.
Xor node 6572 belongs to Tree 62 and Tree 39.
Xor node 6274 belongs to Tree 62 and Tree 39.
Xor node 6551 belongs to Tree 62 and Tree 39.
Xor node 6834 belongs to Tree 62 and Tree 39.
Xor node 4385 belongs to Tree 57 and Tree 39.
Xor node 6636 belongs to Tree 48 and Tree 39.
Xor node 6643 belongs to Tree 57 and Tree 39.
Xor node 6647 belongs to Tree 57 and Tree 39.
Xor node 6361 belongs to Tree 55 and Tree 57.
Xor node 6644 belongs to Tree 56 and Tree 57.
Xor node 6639 belongs to Tree 54 and Tree 57.
Xor node 6640 belongs to Tree 54 and Tree 57.
Xor node 5501 belongs to Tree 57 and Tree 48.
Xor node 5790 belongs to Tree 57 and Tree 48.
Xor node 4612 belongs to Tree 62 and Tree 38.
Xor node 6572 belongs to Tree 62 and Tree 38.
Xor node 6274 belongs to Tree 62 and Tree 38.
Xor node 6551 belongs to Tree 62 and Tree 38.
Xor node 5503 belongs to Tree 56 and Tree 38.
Xor node 6360 belongs to Tree 56 and Tree 38.
Xor node 6364 belongs to Tree 56 and Tree 38.
Xor node 6073 belongs to Tree 54 and Tree 56.
Xor node 6361 belongs to Tree 55 and Tree 56.
Xor node 6356 belongs to Tree 62 and Tree 56.
Xor node 6357 belongs to Tree 62 and Tree 56.
Xor node 4612 belongs to Tree 62 and Tree 37.
Xor node 5712 belongs to Tree 62 and Tree 37.
Xor node 5429 belongs to Tree 62 and Tree 37.
Xor node 6274 belongs to Tree 62 and Tree 37.
Xor node 4668 belongs to Tree 58 and Tree 37.
Xor node 6072 belongs to Tree 58 and Tree 37.
Xor node 6076 belongs to Tree 55 and Tree 37.
Xor node 5791 belongs to Tree 62 and Tree 55.
Xor node 6073 belongs to Tree 54 and Tree 55.
Xor node 6068 belongs to Tree 61 and Tree 58.
Xor node 6069 belongs to Tree 61 and Tree 58.
Xor node 4612 belongs to Tree 62 and Tree 36.
Xor node 5712 belongs to Tree 62 and Tree 36.
Xor node 5429 belongs to Tree 62 and Tree 36.
Xor node 5697 belongs to Tree 62 and Tree 36.
Xor node 5984 belongs to Tree 62 and Tree 36.
Xor node 4385 belongs to Tree 57 and Tree 36.
Xor node 5790 belongs to Tree 57 and Tree 36.
Xor node 5794 belongs to Tree 54 and Tree 36.
Xor node 5504 belongs to Tree 61 and Tree 54.
Xor node 5791 belongs to Tree 62 and Tree 54.
Xor node 5786 belongs to Tree 60 and Tree 57.
Xor node 5787 belongs to Tree 60 and Tree 57.
Xor node 4612 belongs to Tree 62 and Tree 35.
Xor node 5712 belongs to Tree 62 and Tree 35.
Xor node 5429 belongs to Tree 62 and Tree 35.
Xor node 5697 belongs to Tree 62 and Tree 35.
Xor node 5503 belongs to Tree 56 and Tree 35.
Xor node 5507 belongs to Tree 62 and Tree 35.
Xor node 5219 belongs to Tree 60 and Tree 62.
Xor node 5504 belongs to Tree 61 and Tree 62.
Xor node 4666 belongs to Tree 62 and Tree 56.
Xor node 5500 belongs to Tree 59 and Tree 56.
Xor node 4668 belongs to Tree 58 and Tree 59.
Xor node 4938 belongs to Tree 62 and Tree 59.
Xor node 4612 belongs to Tree 62 and Tree 34.
Xor node 5429 belongs to Tree 62 and Tree 34.
Xor node 4668 belongs to Tree 58 and Tree 34.
Xor node 5222 belongs to Tree 61 and Tree 34.
Xor node 4938 belongs to Tree 62 and Tree 61.
Xor node 5219 belongs to Tree 60 and Tree 61.
Xor node 4612 belongs to Tree 62 and Tree 33.
Xor node 4866 belongs to Tree 62 and Tree 33.
Xor node 5140 belongs to Tree 62 and Tree 33.
Xor node 4385 belongs to Tree 57 and Tree 33.
Xor node 4941 belongs to Tree 60 and Tree 33.
Xor node 4665 belongs to Tree 62 and Tree 60.
Xor node 4938 belongs to Tree 62 and Tree 60.
Xor node 4612 belongs to Tree 62 and Tree 32.
Xor node 4866 belongs to Tree 62 and Tree 32.
Xor node 4668 belongs to Tree 58 and Tree 32.
Xor node 4385 belongs to Tree 57 and Tree 58.
Xor node 4665 belongs to Tree 62 and Tree 58.
Xor node 4612 belongs to Tree 62 and Tree 31.
Xor node 4385 belongs to Tree 57 and Tree 31.
The adder tree has 3364 internal cut points. These 10 points have more than one fanout:
Node 6274(lev 5) has fanout 5.
Node 7134(lev 5) has fanout 2.
Node 8747(lev 5) has fanout 5.
Node 9553(lev 5) has fanout 2.
Node 9821(lev 9) has fanout 8.
Node 10084(lev 13) has fanout 8.
Node 11023(lev 5) has fanout 4.
Node 11294(lev 9) has fanout 2.
Node 11532(lev 13) has fanout 2.
Node 11770(lev 17) has fanout 4.
Adders:
    0 :  1  { *0=(72,70) }
    1 :  3  { *1=(77,75) *2=(81,79) *3=(84,82) }
    2 :  5  { 4=(93,117) *5=(96,94) *6=(100,98) *7=(103,101) *8=(106,104) }
    3 :  8  { 9=(116,154) *10=(120,118) *11=(123,121) *12=(127,125) *13=(130,128) *14=(133,131) *15=(136,134) *16=(139,137) }
    4 : 11  { *17=(144,142) 18=(153,207) *19=(157,155) *20=(160,158) *21=(163,161) *22=(167,165) *23=(170,168) *24=(173,171) *25=(176,174) 26=(182,239) *27=(185,183) }
    5 : 12  { 28=(194,259) 29=(203,272) 30=(210,288) *31=(213,211) *32=(216,214) *33=(219,217) *34=(223,221) *35=(226,224) *36=(229,227) *37=(232,230) 38=(238,308) 39=(245,312) }
    6 : 12  { 40=(255,336) *41=(258,256) 42=(268,349) 43=(275,365) *44=(278,276) *45=(281,279) *46=(284,282) *47=(292,290) 48=(295,373) *49=(298,296) *50=(301,299) 51=(307,386) }
    7 : 14  { *53=(320,318) 54=(329,425) *55=(332,330) 56=(345,438) 57=(352,455) 58=(355,445) *59=(358,356) *60=(361,359) *61=(369,367) 62=(372,463) *63=(376,374) *64=(379,377) 65=(385,476) 66=(397,480) }
    8 : 13  { 67=(406,494) 68=(418,514) 69=(421,510) 70=(434,527) 71=(441,544) 72=(444,534) *73=(448,446) *74=(451,449) *75=(459,457) 76=(462,552) *77=(466,464) *78=(469,467) 79=(475,568) }
    9 : 15  { 81=(493,594) 82=(506,614) 83=(509,610) 84=(523,627) 85=(530,644) 86=(533,634) *87=(537,535) *88=(540,538) *89=(548,546) 90=(551,652) *91=(555,553) *92=(558,556) *93=(561,559) 94=(567,671) 95=(579,675) }
   10 : 15  { *96=(584,582) 97=(593,700) 98=(606,720) 99=(609,716) 100=(623,733) 101=(630,750) 102=(633,740) *103=(637,635) *104=(640,638) *105=(648,646) 106=(651,758) *107=(655,653) *108=(658,656) 109=(664,771) 110=(670,778) }
   11 : 17  { 112=(687,803) *113=(690,688) 114=(699,822) 115=(712,842) 116=(715,838) 117=(729,855) 118=(736,872) 119=(739,862) *120=(743,741) *121=(746,744) *122=(754,752) 123=(757,880) *124=(761,759) *125=(764,762) 126=(770,893) 127=(777,900) 128=(792,904) }
   12 : 18  { 129=(802,922) *130=(806,804) *131=(809,807) *132=(812,810) 133=(821,941) 134=(834,961) 135=(837,957) 136=(851,974) 137=(858,997) 138=(861,984) *139=(865,863) *140=(868,866) *141=(876,874) 142=(879,1005) *143=(883,881) *144=(886,884) 145=(892,1018) 146=(899,1025) }
   13 : 20  { *148=(912,910) 149=(921,1058) *150=(925,923) *151=(928,926) *152=(931,929) 153=(940,1077) 154=(953,1097) 155=(956,1093) 156=(970,1110) 157=(977,1135) 158=(980,1120) 159=(987,1127) 160=(993,1131) *161=(1001,999) 162=(1004,1143) *163=(1008,1006) *164=(1011,1009) 165=(1017,1156) 166=(1024,1163) 167=(1036,1167) }
   14 : 19  { 168=(1045,1184) 169=(1054,1197) 170=(1061,1201) *171=(1064,1062) *172=(1067,1065) 173=(1076,1217) 174=(1089,1237) 175=(1092,1233) 176=(1106,1250) 177=(1113,1275) 178=(1116,1260) 179=(1123,1267) 180=(1130,1271) *181=(1139,1137) 182=(1142,1283) *183=(1146,1144) *184=(1149,1147) 185=(1155,1296) 186=(1162,1303) }
   15 : 21  { 188=(1180,1338) *189=(1183,1181) 190=(1193,1351) 191=(1200,1358) *192=(1204,1202) *193=(1207,1205) 194=(1216,1374) 195=(1229,1394) 196=(1232,1390) 197=(1246,1407) 198=(1253,1432) 199=(1256,1417) 200=(1263,1424) 201=(1270,1428) *202=(1279,1277) 203=(1282,1440) *204=(1286,1284) *205=(1289,1287) 206=(1295,1453) 207=(1302,1460) 208=(1320,1464) }
   16 : 21  { *209=(1325,1323) 210=(1334,1492) *211=(1337,1335) 212=(1347,1505) 213=(1354,1512) 214=(1361,1519) *215=(1364,1362) 216=(1373,1529) 217=(1386,1549) 218=(1389,1545) 219=(1403,1562) 220=(1410,1587) 221=(1413,1572) 222=(1420,1579) 223=(1427,1583) *224=(1436,1434) 225=(1439,1595) *226=(1443,1441) *227=(1446,1444) 228=(1452,1608) 229=(1459,1615) }
   17 : 22  { 231=(1476,1637) 232=(1488,1657) 233=(1491,1656) 234=(1501,1670) 235=(1508,1677) 236=(1515,1684) *237=(1518,1516) 238=(1528,1694) 239=(1541,1714) 240=(1544,1710) 241=(1558,1727) 242=(1565,1752) 243=(1568,1737) 244=(1575,1744) 245=(1582,1748) *246=(1591,1589) 247=(1594,1760) *248=(1598,1596) *249=(1601,1599) 250=(1607,1773) 251=(1614,1780) 252=(1626,1784) }
   18 : 22  { 253=(1636,1802) 254=(1649,1825) 255=(1652,1824) *256=(1655,1653) 257=(1666,1838) 258=(1673,1845) 259=(1680,1852) *260=(1683,1681) 261=(1693,1862) 262=(1706,1882) 263=(1709,1878) 264=(1723,1895) 265=(1730,1920) 266=(1733,1905) 267=(1740,1912) 268=(1747,1916) *269=(1756,1754) 270=(1759,1928) *271=(1763,1761) *272=(1766,1764) 273=(1772,1941) 274=(1779,1948) }
   19 : 24  { *276=(1792,1790) 277=(1801,1984) 278=(1814,2007) 279=(1817,2006) *280=(1820,1818) 281=(1834,2020) 282=(1841,2027) 283=(1848,2035) 284=(1851,2034) 285=(1861,2045) 286=(1874,2065) 287=(1877,2061) 288=(1891,2078) 289=(1898,2103) 290=(1901,2088) 291=(1908,2095) 292=(1915,2099) *293=(1924,1922) 294=(1927,2111) *295=(1931,1929) *296=(1934,1932) 297=(1940,2124) 298=(1947,2131) 299=(1962,2135) }
   20 : 24  { 300=(1971,2149) *301=(1974,1972) 302=(1983,2165) 303=(1996,2188) 304=(1999,2187) *305=(2002,2000) 306=(2016,2201) 307=(2023,2208) 308=(2030,2219) 309=(2033,2218) 310=(2044,2229) 311=(2057,2249) 312=(2060,2245) 313=(2074,2262) 314=(2081,2287) 315=(2084,2272) 316=(2091,2279) 317=(2098,2283) *318=(2107,2105) 319=(2110,2295) *320=(2114,2112) *321=(2117,2115) 322=(2123,2308) 323=(2130,2315) }
   21 : 26  { 325=(2148,2341) *326=(2152,2150) 327=(2164,2357) 328=(2177,2381) 329=(2180,2380) 330=(2183,2376) 331=(2197,2394) 332=(2204,2401) 333=(2211,2415) 334=(2214,2414) *335=(2217,2215) 336=(2228,2425) 337=(2241,2445) 338=(2244,2441) 339=(2258,2458) 340=(2265,2483) 341=(2268,2468) 342=(2275,2475) 343=(2282,2479) *344=(2291,2289) 345=(2294,2491) *346=(2298,2296) *347=(2301,2299) 348=(2307,2504) 349=(2314,2511) 350=(2326,2515) }
   22 : 27  { *351=(2331,2329) 352=(2340,2540) *353=(2344,2342) 354=(2356,2556) 355=(2369,2580) 356=(2372,2579) 357=(2375,2575) 358=(2390,2593) 359=(2397,2600) 360=(2404,2614) 361=(2407,2613) *362=(2410,2408) *363=(2413,2411) 364=(2424,2624) 365=(2437,2644) 366=(2440,2640) 367=(2454,2657) 368=(2461,2682) 369=(2464,2667) 370=(2471,2674) 371=(2478,2678) *372=(2487,2485) 373=(2490,2693) *374=(2494,2492) *375=(2497,2495) 376=(2503,2706) 377=(2510,2713) }
   23 : 28  { 379=(2527,2744) 380=(2536,2757) 381=(2543,2761) 382=(2555,2774) 383=(2568,2798) 384=(2571,2797) 385=(2574,2793) 386=(2589,2811) 387=(2596,2818) 388=(2603,2832) 389=(2606,2831) *390=(2609,2607) *391=(2612,2610) 392=(2623,2842) 393=(2636,2862) 394=(2639,2858) 395=(2653,2875) 396=(2660,2900) 397=(2663,2885) 398=(2670,2892) 399=(2677,2896) *400=(2686,2684) 401=(2689,2911) 402=(2696,2921) *403=(2699,2697) 404=(2705,2925) 405=(2712,2932) 406=(2730,2936) }
   24 : 28  { 407=(2740,2960) *408=(2743,2741) 409=(2753,2973) 410=(2760,2977) 411=(2773,2990) 412=(2786,3014) 413=(2789,3013) 414=(2792,3009) 415=(2807,3027) 416=(2814,3034) 417=(2821,3048) 418=(2824,3047) *419=(2827,2825) *420=(2830,2828) 421=(2841,3058) 422=(2854,3078) 423=(2857,3074) 424=(2871,3091) 425=(2878,3116) 426=(2881,3101) 427=(2888,3108) 428=(2895,3112) *429=(2904,2902) 430=(2907,3127) 431=(2914,3137) *432=(2917,2915) 433=(2924,3141) 434=(2931,3148) }
   25 : 31  { *436=(2944,2942) 437=(2953,3190) *438=(2956,2954) *439=(2959,2957) 440=(2969,3203) 441=(2976,3207) 442=(2989,3220) 443=(3002,3244) 444=(3005,3243) 445=(3008,3239) 446=(3023,3257) 447=(3030,3264) 448=(3037,3278) 449=(3040,3277) *450=(3043,3041) *451=(3046,3044) 452=(3057,3288) 453=(3070,3308) 454=(3073,3304) 455=(3087,3321) 456=(3094,3346) 457=(3097,3331) 458=(3104,3338) 459=(3111,3342) *460=(3120,3118) 461=(3123,3357) 462=(3130,3367) *463=(3133,3131) 464=(3140,3371) 465=(3147,3378) 466=(3159,3382) }
   26 : 31  { 467=(3168,3396) 468=(3180,3422) 469=(3183,3412) *470=(3186,3184) *471=(3189,3187) 472=(3199,3435) 473=(3206,3439) 474=(3219,3452) 475=(3232,3476) 476=(3235,3475) 477=(3238,3471) 478=(3253,3489) 479=(3260,3496) 480=(3267,3513) 481=(3270,3512) *482=(3273,3271) *483=(3276,3274) 484=(3287,3523) 485=(3300,3543) 486=(3303,3539) 487=(3317,3556) 488=(3324,3581) 489=(3327,3566) 490=(3334,3573) 491=(3341,3577) *492=(3350,3348) 493=(3353,3592) 494=(3360,3602) *495=(3363,3361) 496=(3370,3606) 497=(3377,3613) }
   27 : 33  { 499=(3395,3642) 500=(3408,3668) 501=(3411,3658) *502=(3415,3413) *503=(3418,3416) 504=(3431,3681) 505=(3438,3685) 506=(3451,3698) 507=(3464,3722) 508=(3467,3721) 509=(3470,3717) 510=(3485,3735) 511=(3492,3742) 512=(3499,3763) 513=(3502,3762) 514=(3505,3752) *515=(3508,3506) *516=(3511,3509) 517=(3522,3773) 518=(3535,3793) 519=(3538,3789) 520=(3552,3806) 521=(3559,3831) 522=(3562,3816) 523=(3569,3823) 524=(3576,3827) *525=(3585,3583) 526=(3588,3842) 527=(3595,3852) *528=(3598,3596) 529=(3605,3856) 530=(3612,3863) 531=(3627,3867) }
   28 : 33  { *532=(3632,3630) 533=(3641,3892) 534=(3654,3918) 535=(3657,3908) *536=(3661,3659) *537=(3664,3662) 538=(3677,3931) 539=(3684,3935) 540=(3697,3948) 541=(3710,3972) 542=(3713,3971) 543=(3716,3967) 544=(3731,3985) 545=(3738,3992) 546=(3745,4013) 547=(3748,4012) 548=(3751,4002) *549=(3755,3753) *550=(3758,3756) 551=(3772,4023) 552=(3785,4043) 553=(3788,4039) 554=(3802,4056) 555=(3809,4081) 556=(3812,4066) 557=(3819,4073) 558=(3826,4077) *559=(3835,3833) 560=(3838,4092) 561=(3845,4103) 562=(3848,4099) 563=(3855,4107) 564=(3862,4114) }
   29 : 35  { 566=(3879,4136) *567=(3882,3880) 568=(3891,4152) 569=(3904,4181) 570=(3907,4171) *571=(3911,3909) *572=(3914,3912) 573=(3927,4194) 574=(3934,4198) 575=(3947,4211) 576=(3960,4235) 577=(3963,4234) 578=(3966,4230) 579=(3981,4248) 580=(3988,4255) 581=(3995,4276) 582=(3998,4275) 583=(4001,4265) *584=(4005,4003) *585=(4008,4006) 586=(4022,4286) 587=(4035,4306) 588=(4038,4302) 589=(4052,4319) 590=(4059,4344) 591=(4062,4329) 592=(4069,4336) 593=(4076,4340) *594=(4085,4083) 595=(4088,4355) 596=(4095,4366) 597=(4098,4362) 598=(4106,4370) 599=(4113,4377) 600=(4125,4381) }
   30 : 35  { 601=(4135,4399) *602=(4139,4137) *603=(4142,4140) 604=(4151,4415) 605=(4164,4448) 606=(4167,4434) 607=(4174,4441) *608=(4177,4175) 609=(4190,4461) 610=(4197,4465) 611=(4210,4478) 612=(4223,4502) 613=(4226,4501) 614=(4229,4497) 615=(4244,4515) 616=(4251,4522) 617=(4258,4543) 618=(4261,4542) 619=(4264,4532) *620=(4268,4266) *621=(4271,4269) 622=(4285,4553) 623=(4298,4573) 624=(4301,4569) 625=(4315,4586) 626=(4322,4611) 627=(4325,4596) 628=(4332,4603) 629=(4339,4607) *630=(4348,4346) 631=(4351,4622) 632=(4358,4633) 633=(4361,4629) 634=(4369,4637) 635=(4376,4644) }
   31 : 37  { *637=(4389,4387) 638=(4398,4685) *639=(4402,4400) *640=(4405,4403) 641=(4414,4701) 642=(4427,4735) 643=(4430,4720) 644=(4437,4727) 645=(4444,4731) 646=(4457,4748) 647=(4464,4752) 648=(4477,4765) 649=(4490,4789) 650=(4493,4788) 651=(4496,4784) 652=(4511,4802) 653=(4518,4809) 654=(4525,4830) 655=(4528,4829) 656=(4531,4819) *657=(4535,4533) *658=(4538,4536) 659=(4552,4840) 660=(4565,4860) 661=(4568,4856) 662=(4582,4873) 663=(4589,4898) 664=(4592,4883) 665=(4599,4890) 666=(4606,4894) *667=(4615,4613) 668=(4618,4908) 669=(4625,4919) 670=(4628,4915) 671=(4636,4923) 672=(4643,4930) 673=(4664,4934) }
   32 : 36  { 674=(4672,4949) 675=(4681,4962) 676=(4688,4969) *677=(4691,4689) 678=(4700,4979) 679=(4713,5013) 680=(4716,4998) 681=(4723,5005) 682=(4730,5009) 683=(4744,5026) 684=(4751,5030) 685=(4764,5043) 686=(4777,5067) 687=(4780,5066) 688=(4783,5062) 689=(4798,5080) 690=(4805,5087) 691=(4812,5108) 692=(4815,5107) 693=(4818,5097) *694=(4822,4820) *695=(4825,4823) 696=(4839,5118) 697=(4852,5138) 698=(4855,5134) 699=(4869,5150) 700=(4876,5175) 701=(4879,5160) 702=(4886,5167) 703=(4893,5171) *704=(4901,4899) 705=(4904,5185) 706=(4911,5196) 707=(4914,5192) 708=(4922,5200) 709=(4929,5207) }
   33 : 38  { 711=(4945,5233) *712=(4948,4946) 713=(4958,5246) 714=(4965,5253) *715=(4968,4966) 716=(4978,5263) 717=(4991,5297) 718=(4994,5282) 719=(5001,5289) 720=(5008,5293) 721=(5022,5310) 722=(5029,5314) 723=(5042,5327) 724=(5055,5351) 725=(5058,5350) 726=(5061,5346) 727=(5076,5364) 728=(5083,5371) 729=(5090,5392) 730=(5093,5391) 731=(5096,5381) *732=(5100,5098) *733=(5103,5101) 734=(5117,5402) 735=(5130,5422) 736=(5133,5418) 737=(5146,5433) 738=(5153,5458) 739=(5156,5443) 740=(5163,5450) 741=(5170,5454) *742=(5178,5176) 743=(5181,5468) 744=(5188,5479) 745=(5191,5475) 746=(5199,5483) 747=(5206,5490) 748=(5218,5494) }
   34 : 36  { 749=(5226,5518) *750=(5229,5227) 751=(5242,5531) 752=(5249,5539) 753=(5252,5538) 754=(5262,5549) 755=(5275,5583) 756=(5278,5568) 757=(5285,5575) 758=(5292,5579) 759=(5306,5596) 760=(5313,5600) 761=(5326,5613) 762=(5339,5637) 763=(5342,5636) 764=(5345,5632) 765=(5360,5650) 766=(5367,5657) 767=(5374,5678) 768=(5377,5677) 769=(5380,5667) *770=(5384,5382) *771=(5387,5385) 772=(5401,5688) 773=(5414,5708) 774=(5417,5704) 776=(5436,5737) 777=(5439,5722) 778=(5446,5729) 779=(5453,5733) *780=(5461,5459) 781=(5464,5747) 782=(5471,5758) 783=(5474,5754) 784=(5482,5762) 785=(5489,5769) }
   35 : 37  { 788=(5511,5806) 789=(5514,5802) 790=(5527,5819) 791=(5534,5830) 792=(5537,5829) 793=(5548,5840) 794=(5561,5874) 795=(5564,5859) 796=(5571,5866) 797=(5578,5870) 798=(5592,5887) 799=(5599,5891) 800=(5612,5904) 801=(5625,5928) 802=(5628,5927) 803=(5631,5923) 804=(5646,5941) 805=(5653,5948) 806=(5660,5969) 807=(5663,5968) 808=(5666,5958) *809=(5670,5668) *810=(5673,5671) 811=(5687,5979) 812=(5700,5998) 813=(5703,5994) 814=(5715,6026) 815=(5718,6011) 816=(5725,6018) 817=(5732,6022) *818=(5740,5738) 819=(5743,6036) 820=(5750,6047) 821=(5753,6043) 822=(5761,6051) 823=(5768,6058) 824=(5783,6062) }
   36 : 37  { 826=(5798,6088) 827=(5801,6084) 828=(5815,6101) 829=(5822,6115) 830=(5825,6114) *831=(5828,5826) 832=(5839,6125) 833=(5852,6159) 834=(5855,6144) 835=(5862,6151) 836=(5869,6155) 837=(5883,6172) 838=(5890,6176) 839=(5903,6189) 840=(5916,6213) 841=(5919,6212) 842=(5922,6208) 843=(5937,6226) 844=(5944,6233) 845=(5951,6254) 846=(5954,6253) 847=(5957,6243) *848=(5961,5959) *849=(5964,5962) 850=(5978,6264) 851=(5990,6282) 852=(5993,6278) 853=(6004,6310) 854=(6007,6295) 855=(6014,6302) 856=(6021,6306) *857=(6029,6027) 858=(6032,6320) 859=(6039,6331) 860=(6042,6327) 861=(6050,6335) 862=(6057,6342) }
   37 : 38  { 865=(6080,6376) 866=(6083,6372) 867=(6097,6389) 868=(6104,6403) 869=(6107,6402) *870=(6110,6108) *871=(6113,6111) 872=(6124,6413) 873=(6137,6447) 874=(6140,6432) 875=(6147,6439) 876=(6154,6443) 877=(6168,6460) 878=(6175,6464) 879=(6188,6477) 880=(6201,6501) 881=(6204,6500) 882=(6207,6496) 883=(6222,6514) 884=(6229,6521) 885=(6236,6545) 886=(6239,6544) 887=(6242,6534) *888=(6246,6244) *889=(6249,6247) 890=(6263,6555) 892=(6277,6562) 893=(6288,6594) 894=(6291,6579) 895=(6298,6586) 896=(6305,6590) *897=(6313,6311) 898=(6316,6604) 899=(6323,6615) 900=(6326,6611) 901=(6334,6619) 902=(6341,6626) 903=(6353,6630) }
   38 : 36  { 905=(6368,6659) 906=(6371,6655) 907=(6385,6672) 908=(6392,6689) 909=(6395,6688) *910=(6398,6396) *911=(6401,6399) 912=(6412,6699) 913=(6425,6733) 914=(6428,6718) 915=(6435,6725) 916=(6442,6729) 917=(6456,6746) 918=(6463,6750) 919=(6476,6763) 920=(6489,6787) 921=(6492,6786) 922=(6495,6782) 923=(6510,6800) 924=(6517,6807) 925=(6524,6832) 926=(6527,6831) 927=(6530,6820) 928=(6537,6830) *929=(6540,6538) 930=(6554,6841) 931=(6561,6848) 933=(6575,6858) 934=(6582,6865) 935=(6589,6869) *936=(6597,6595) 937=(6600,6883) 938=(6607,6894) 939=(6610,6890) 940=(6618,6898) 941=(6625,6905) }
   39 : 38  { *943=(6636,6634) 945=(6651,6951) 946=(6654,6947) 947=(6668,6964) 948=(6675,6984) 949=(6678,6983) *950=(6681,6679) *951=(6684,6682) *952=(6687,6685) 953=(6698,6994) 954=(6711,7028) 955=(6714,7013) 956=(6721,7020) 957=(6728,7024) 958=(6742,7041) 959=(6749,7045) 960=(6762,7058) 961=(6775,7082) 962=(6778,7081) 963=(6781,7077) 964=(6796,7095) 965=(6803,7102) 966=(6810,7127) 967=(6813,7126) 968=(6816,7115) 969=(6823,7125) *970=(6826,6824) 971=(6840,7135) 972=(6847,7142) 973=(6854,7152) 974=(6861,7159) 975=(6868,7163) 977=(6879,7173) 978=(6886,7184) 979=(6889,7180) 980=(6897,7188) 981=(6904,7195) 982=(6922,7199) }
   40 : 36  { *983=(6925,6923) 985=(6943,7237) 986=(6946,7233) 987=(6960,7250) 988=(6967,7271) 989=(6970,7270) 990=(6973,7260) *991=(6976,6974) *992=(6979,6977) 993=(6993,7281) 994=(7006,7315) 995=(7009,7300) 996=(7016,7307) 997=(7023,7311) 998=(7037,7328) 999=(7044,7332) 1000=(7057,7345) 1001=(7070,7369) 1002=(7073,7368) 1003=(7076,7364) 1004=(7091,7382) 1005=(7098,7389) 1006=(7105,7415) 1007=(7108,7414) 1008=(7111,7402) 1009=(7118,7413) 1010=(7121,7409) 1012=(7141,7423) 1013=(7148,7433) 1014=(7155,7440) 1015=(7162,7444) 1016=(7169,7454) 1017=(7176,7465) 1018=(7179,7461) 1019=(7187,7469) 1020=(7194,7476) }
   41 : 36  { *1023=(7211,7209) 1025=(7229,7526) 1026=(7232,7522) 1027=(7246,7539) 1028=(7253,7560) 1029=(7256,7559) 1030=(7259,7549) *1031=(7263,7261) *1032=(7266,7264) 1033=(7280,7570) 1034=(7293,7604) 1035=(7296,7589) 1036=(7303,7596) 1037=(7310,7600) 1038=(7324,7617) 1039=(7331,7621) 1040=(7344,7634) 1041=(7357,7658) 1042=(7360,7657) 1043=(7363,7653) 1044=(7378,7670) 1045=(7385,7677) 1046=(7392,7703) 1047=(7395,7702) 1048=(7398,7690) 1049=(7405,7701) 1050=(7408,7697) 1052=(7429,7714) 1053=(7436,7721) 1054=(7443,7725) 1055=(7450,7735) 1056=(7457,7746) 1057=(7460,7742) 1058=(7468,7750) 1059=(7475,7757) 1060=(7487,7761) }
   42 : 34  { *1063=(7500,7498) 1065=(7518,7806) 1066=(7521,7802) 1067=(7535,7819) 1068=(7542,7840) 1069=(7545,7839) 1070=(7548,7829) *1071=(7552,7550) *1072=(7555,7553) 1073=(7569,7850) 1074=(7582,7884) 1075=(7585,7869) 1076=(7592,7876) 1077=(7599,7880) 1078=(7613,7897) 1079=(7620,7901) 1080=(7633,7914) 1081=(7646,7938) 1082=(7649,7937) 1083=(7652,7933) 1084=(7666,7949) 1085=(7673,7956) 1086=(7680,7982) 1087=(7683,7981) 1088=(7686,7969) 1089=(7693,7980) 1090=(7696,7976) 1092=(7717,7993) 1093=(7724,7997) 1094=(7731,8007) 1095=(7738,8018) 1096=(7741,8014) 1097=(7749,8022) 1098=(7756,8029) }
   43 : 34  { 1102=(7780,8060) 1104=(7798,8086) 1105=(7801,8082) 1106=(7815,8099) 1107=(7822,8120) 1108=(7825,8119) 1109=(7828,8109) *1110=(7832,7830) *1111=(7835,7833) 1112=(7849,8130) 1113=(7862,8164) 1114=(7865,8149) 1115=(7872,8156) 1116=(7879,8160) 1117=(7893,8177) 1118=(7900,8181) 1119=(7913,8194) 1120=(7926,8218) 1121=(7929,8217) 1122=(7932,8213) 1124=(7952,8229) 1125=(7959,8255) 1126=(7962,8254) 1127=(7965,8242) 1128=(7972,8253) 1129=(7975,8249) 1130=(7989,8265) 1131=(7996,8269) 1132=(8003,8279) 1133=(8010,8290) 1134=(8013,8286) 1135=(8021,8294) 1136=(8028,8301) 1137=(8043,8305) }
   44 : 33  { 1140=(8059,8329) 1142=(8078,8355) 1143=(8081,8351) 1144=(8095,8368) 1145=(8102,8389) 1146=(8105,8388) 1147=(8108,8378) *1148=(8112,8110) *1149=(8115,8113) 1150=(8129,8399) 1151=(8142,8433) 1152=(8145,8418) 1153=(8152,8425) 1154=(8159,8429) 1155=(8173,8446) 1156=(8180,8450) 1157=(8193,8463) 1158=(8206,8486) 1159=(8209,8485) 1160=(8212,8481) 1161=(8225,8496) 1162=(8232,8522) 1163=(8235,8521) 1164=(8238,8509) 1165=(8245,8520) 1166=(8248,8516) 1167=(8261,8532) 1168=(8268,8536) 1169=(8275,8546) 1170=(8282,8557) 1171=(8285,8553) 1172=(8293,8561) 1173=(8300,8568) }
   45 : 35  { *1176=(8314,8312) 1178=(8328,8603) 1180=(8347,8629) 1181=(8350,8625) 1182=(8364,8642) 1183=(8371,8663) 1184=(8374,8662) 1185=(8377,8652) *1186=(8381,8379) *1187=(8384,8382) 1188=(8398,8673) 1189=(8411,8707) 1190=(8414,8692) 1191=(8421,8699) 1192=(8428,8703) 1193=(8442,8720) 1194=(8449,8724) 1195=(8462,8737) 1196=(8474,8759) 1197=(8477,8758) 1198=(8480,8754) 1199=(8492,8769) 1200=(8499,8795) 1201=(8502,8794) 1202=(8505,8782) 1203=(8512,8793) 1204=(8515,8789) 1205=(8528,8805) 1206=(8535,8809) 1207=(8542,8819) 1208=(8549,8830) 1209=(8552,8826) 1210=(8560,8834) 1211=(8567,8841) 1212=(8579,8845) }
   46 : 34  { *1214=(8585,8583) *1215=(8588,8586) 1217=(8602,8872) 1219=(8621,8898) 1220=(8624,8894) 1221=(8638,8911) 1222=(8645,8935) 1223=(8648,8934) 1224=(8651,8924) *1225=(8655,8653) *1226=(8658,8656) 1227=(8672,8945) 1228=(8685,8979) 1229=(8688,8964) 1230=(8695,8971) 1231=(8702,8975) 1232=(8716,8992) 1233=(8723,8996) 1234=(8736,9009) 1236=(8750,9023) 1237=(8753,9019) 1238=(8765,9034) 1239=(8772,9060) 1240=(8775,9059) 1241=(8778,9047) 1242=(8785,9058) 1243=(8788,9054) 1244=(8801,9070) 1245=(8808,9074) 1246=(8815,9084) 1247=(8822,9095) 1248=(8825,9091) 1249=(8833,9099) 1250=(8840,9106) }
   47 : 34  { *1253=(8854,8852) *1254=(8857,8855) 1256=(8871,9153) 1258=(8890,9179) 1259=(8893,9175) 1260=(8907,9192) 1261=(8914,9217) 1262=(8917,9216) 1263=(8920,9205) 1264=(8927,9215) *1265=(8930,8928) 1266=(8944,9227) 1267=(8957,9261) 1268=(8960,9246) 1269=(8967,9253) 1270=(8974,9257) 1271=(8988,9274) 1272=(8995,9278) 1273=(9008,9290) 1274=(9015,9304) 1275=(9018,9300) 1277=(9037,9334) 1278=(9040,9333) 1279=(9043,9321) 1280=(9050,9332) 1281=(9053,9328) 1282=(9066,9344) 1283=(9073,9348) 1284=(9080,9358) 1285=(9087,9369) 1286=(9090,9365) 1287=(9098,9373) 1288=(9105,9380) 1289=(9126,9384) }
   48 : 34  { 1291=(9132,9394) *1292=(9135,9133) *1293=(9138,9136) 1295=(9152,9418) 1297=(9171,9444) 1298=(9174,9440) 1299=(9188,9457) 1300=(9195,9482) 1301=(9198,9481) 1302=(9201,9470) 1303=(9208,9480) *1304=(9211,9209) 1305=(9226,9492) 1306=(9239,9526) 1307=(9242,9511) 1308=(9249,9518) 1309=(9256,9522) 1310=(9270,9539) 1311=(9277,9543) 1312=(9289,9554) 1313=(9296,9568) 1314=(9299,9564) 1315=(9311,9597) 1316=(9314,9596) 1317=(9317,9584) 1318=(9324,9595) 1319=(9327,9591) 1320=(9340,9607) 1321=(9347,9611) 1322=(9354,9621) 1323=(9361,9632) 1324=(9364,9628) 1325=(9372,9636) 1326=(9379,9643) }
   49 : 34  { 1329=(9393,9661) *1330=(9397,9395) *1331=(9400,9398) 1333=(9417,9685) 1335=(9436,9711) 1336=(9439,9707) 1337=(9453,9724) 1338=(9460,9750) 1339=(9463,9749) 1340=(9466,9737) 1341=(9473,9748) 1342=(9476,9744) 1343=(9491,9760) 1344=(9504,9794) 1345=(9507,9779) 1346=(9514,9786) 1347=(9521,9790) 1348=(9535,9807) 1349=(9542,9811) 1351=(9560,9829) 1352=(9563,9825) 1353=(9574,9858) 1354=(9577,9857) 1355=(9580,9845) 1356=(9587,9856) 1357=(9590,9852) 1358=(9603,9868) 1359=(9610,9872) 1360=(9617,9882) 1361=(9624,9893) 1362=(9627,9889) 1363=(9635,9897) 1364=(9642,9904) 1365=(9654,9908) }
   50 : 32  { 1367=(9660,9918) *1368=(9664,9662) *1369=(9667,9665) 1371=(9684,9942) 1373=(9703,9968) 1374=(9706,9964) 1375=(9720,9981) 1376=(9727,10007) 1377=(9730,10006) 1378=(9733,9994) 1379=(9740,10005) 1380=(9743,10001) 1381=(9759,10017) 1382=(9772,10051) 1383=(9775,10036) 1384=(9782,10043) 1385=(9789,10047) 1386=(9803,10063) 1387=(9810,10067) 1389=(9824,10074) 1390=(9835,10107) 1391=(9838,10106) 1392=(9841,10094) 1393=(9848,10105) 1394=(9851,10101) 1395=(9864,10117) 1396=(9871,10121) 1397=(9878,10131) 1398=(9885,10142) 1399=(9888,10138) 1400=(9896,10146) 1401=(9903,10153) }
   51 : 32  { 1404=(9917,10180) *1405=(9921,9919) *1406=(9924,9922) 1408=(9941,10204) 1410=(9960,10230) 1411=(9963,10226) 1412=(9977,10243) 1413=(9984,10269) 1414=(9987,10268) 1415=(9990,10256) 1416=(9997,10267) 1417=(10000,10263) 1418=(10016,10279) 1419=(10029,10313) 1420=(10032,10298) 1421=(10039,10305) 1422=(10046,10309) 1423=(10059,10324) 1424=(10066,10328) 1425=(10073,10335) 1427=(10087,10360) 1428=(10090,10348) 1429=(10097,10359) 1430=(10100,10355) 1431=(10113,10371) 1432=(10120,10375) 1433=(10127,10385) 1434=(10134,10396) 1435=(10137,10392) 1436=(10145,10400) 1437=(10152,10407) 1438=(10167,10411) }
   52 : 30  { *1439=(10170,10168) 1441=(10179,10430) *1442=(10183,10181) *1443=(10186,10184) 1445=(10203,10454) 1447=(10222,10480) 1448=(10225,10476) 1449=(10239,10493) 1450=(10246,10519) 1451=(10249,10518) 1452=(10252,10506) 1453=(10259,10517) 1454=(10262,10513) 1455=(10278,10529) 1456=(10291,10563) 1457=(10294,10548) 1458=(10301,10555) 1459=(10308,10559) 1461=(10327,10571) 1462=(10334,10578) 1463=(10341,10603) 1464=(10344,10591) 1465=(10351,10602) 1466=(10354,10598) 1468=(10374,10611) 1469=(10381,10621) 1470=(10388,10632) 1471=(10391,10628) 1472=(10399,10636) 1473=(10406,10643) }
   53 : 33  { *1475=(10417,10415) 1476=(10423,10684) 1477=(10426,10673) 1478=(10433,10683) *1479=(10436,10434) 1480=(10446,10694) 1481=(10453,10698) 1483=(10472,10724) 1484=(10475,10720) 1485=(10489,10737) 1486=(10496,10763) 1487=(10499,10762) 1488=(10502,10750) 1489=(10509,10761) 1490=(10512,10757) 1491=(10528,10773) 1492=(10541,10806) 1493=(10544,10791) 1494=(10551,10798) 1495=(10558,10802) 1496=(10570,10813) 1497=(10577,10820) 1498=(10584,10845) 1499=(10587,10833) 1500=(10594,10844) 1501=(10597,10840) 1502=(10610,10852) 1503=(10617,10862) 1504=(10624,10873) 1505=(10627,10869) 1506=(10635,10877) 1507=(10642,10884) 1508=(10654,10888) }
   54 : 33  { *1509=(10657,10655) *1510=(10660,10658) 1511=(10666,10924) 1512=(10669,10913) 1513=(10676,10923) *1514=(10679,10677) 1515=(10690,10934) 1516=(10697,10938) 1518=(10716,10964) 1519=(10719,10960) 1520=(10733,10977) 1521=(10740,11003) 1522=(10743,11002) 1523=(10746,10990) 1524=(10753,11001) 1525=(10756,10997) 1526=(10772,11013) 1527=(10784,11045) 1528=(10787,11030) 1529=(10794,11037) 1530=(10801,11041) 1531=(10812,11052) 1532=(10819,11059) 1533=(10826,11084) 1534=(10829,11072) 1535=(10836,11083) 1536=(10839,11079) 1537=(10851,11091) 1538=(10858,11101) 1539=(10865,11112) 1540=(10868,11108) 1541=(10876,11116) 1542=(10883,11123) }
   55 : 33  { *1544=(10894,10892) *1545=(10897,10895) 1546=(10906,11174) 1547=(10909,11162) 1548=(10916,11173) 1549=(10919,11169) 1550=(10930,11184) 1551=(10937,11188) 1553=(10956,11214) 1554=(10959,11210) 1555=(10973,11227) 1556=(10980,11253) 1557=(10983,11252) 1558=(10986,11240) 1559=(10993,11251) 1560=(10996,11247) 1561=(11012,11263) 1563=(11026,11273) 1564=(11033,11280) 1565=(11040,11284) 1566=(11051,11295) 1567=(11058,11302) 1568=(11065,11327) 1569=(11068,11315) 1570=(11075,11326) 1571=(11078,11322) 1572=(11090,11334) 1573=(11097,11344) 1574=(11104,11355) 1575=(11107,11351) 1576=(11115,11359) 1577=(11122,11366) 1578=(11140,11370) }
   56 : 31  { *1579=(11143,11141) *1580=(11146,11144) 1581=(11155,11413) 1582=(11158,11401) 1583=(11165,11412) 1584=(11168,11408) 1585=(11180,11423) 1586=(11187,11427) 1588=(11206,11453) 1589=(11209,11449) 1590=(11223,11466) 1591=(11230,11492) 1592=(11233,11491) 1593=(11236,11479) 1594=(11243,11490) 1595=(11246,11486) 1596=(11262,11501) 1597=(11269,11511) 1598=(11276,11518) 1599=(11283,11522) 1601=(11301,11533) 1602=(11308,11558) 1603=(11311,11546) 1604=(11318,11557) 1605=(11321,11553) 1606=(11333,11565) 1607=(11340,11575) 1608=(11347,11586) 1609=(11350,11582) 1610=(11358,11590) 1611=(11365,11597) }
   57 : 32  { *1613=(11376,11374) 1614=(11382,11627) *1615=(11385,11383) 1616=(11394,11652) 1617=(11397,11640) 1618=(11404,11651) 1619=(11407,11647) 1620=(11419,11662) 1621=(11426,11666) 1623=(11445,11692) 1624=(11448,11688) 1625=(11462,11705) 1626=(11469,11731) 1627=(11472,11730) 1628=(11475,11718) 1629=(11482,11729) 1630=(11485,11725) 1631=(11500,11739) 1632=(11507,11749) 1633=(11514,11756) 1634=(11521,11760) 1636=(11539,11789) 1637=(11542,11777) 1638=(11549,11788) 1639=(11552,11784) 1640=(11564,11796) 1641=(11571,11806) 1642=(11578,11817) 1643=(11581,11813) 1644=(11589,11821) 1645=(11596,11828) 1646=(11608,11832) }
   58 : 29  { *1647=(11611,11609) 1648=(11620,11855) 1649=(11623,11851) 1650=(11633,11880) 1651=(11636,11868) 1652=(11643,11879) 1653=(11646,11875) 1654=(11658,11890) 1655=(11665,11894) 1657=(11684,11920) 1658=(11687,11916) 1659=(11701,11933) 1660=(11708,11959) 1661=(11711,11958) 1662=(11714,11946) 1663=(11721,11957) 1664=(11724,11953) 1666=(11745,11970) 1667=(11752,11977) 1668=(11759,11981) 1670=(11773,11991) 1671=(11780,12002) 1672=(11783,11998) 1673=(11795,12010) 1674=(11802,12020) 1675=(11809,12031) 1676=(11812,12027) 1677=(11820,12035) 1678=(11827,12042) }
   59 : 29  { *1680=(11838,11836) 1681=(11847,12076) 1682=(11850,12072) 1683=(11861,12101) 1684=(11864,12089) 1685=(11871,12100) 1686=(11874,12096) 1687=(11886,12111) 1688=(11893,12115) 1689=(11900,12122) 1690=(11912,12141) 1691=(11915,12137) 1692=(11929,12153) 1693=(11936,12179) 1694=(11939,12178) 1695=(11942,12166) 1696=(11949,12177) 1697=(11952,12173) 1699=(11973,12190) 1700=(11980,12194) 1701=(11987,12204) 1702=(11994,12215) 1703=(11997,12211) 1705=(12016,12226) 1706=(12023,12237) 1707=(12026,12233) 1708=(12034,12241) 1709=(12041,12248) 1710=(12056,12252) }
   60 : 27  { *1711=(12059,12057) 1712=(12068,12275) 1713=(12071,12271) 1714=(12082,12300) 1715=(12085,12288) 1716=(12092,12299) 1717=(12095,12295) 1718=(12107,12310) 1719=(12114,12314) 1720=(12121,12321) 1721=(12133,12340) 1722=(12136,12336) 1723=(12149,12351) 1724=(12156,12377) 1725=(12159,12376) 1726=(12162,12364) 1727=(12169,12375) 1728=(12172,12371) 1729=(12186,12387) 1730=(12193,12391) 1731=(12200,12401) 1732=(12207,12412) 1733=(12210,12408) 1735=(12229,12427) 1736=(12232,12423) 1737=(12240,12431) 1738=(12247,12438) }
   61 : 40  { 891=(6274,6566) 1011=(7134,7416) 1051=(7422,7704) 1235=(8747,9024) 1350=(9553,9815) 1388=(9821,10078) 1426=(10084,10361) 1562=(11023,11288) 1600=(11294,11526) 1635=(11532,11764) 1665=(11738,11960) 1669=(11770,12003) 1740=(12258,12469) 1741=(12267,12486) 1742=(12270,12482) 1743=(12281,12511) 1744=(12284,12499) 1745=(12291,12510) 1746=(12294,12506) 1747=(12306,12521) 1748=(12313,12525) 1749=(12320,12532) 1750=(12332,12551) 1751=(12335,12547) 1752=(12347,12555) 1753=(12354,12581) 1754=(12357,12580) 1755=(12360,12568) 1756=(12367,12579) 1757=(12370,12575) 1758=(12383,12591) 1759=(12390,12595) 1760=(12397,12605) 1761=(12404,12616) 1762=(12407,12612) 1763=(12419,12636) 1764=(12422,12632) 1765=(12430,12640) 1766=(12437,12647) 1767=(12449,12651) }
   62 :  0  { }
Inputs:
    0 :  2  { +68 +69 }
    1 :  3  { +73 +74 +78 }
    2 :  4  { +85 +86 +90 +97 }
    3 :  5  { +107 +108 +109 +113 +124 }
    4 :  6  { +140 +141 +145 +146 +150 +164 }
    5 :  7  { +186 +187 +191 +195 +196 +200 +220 }
    6 :  8  { +246 +247 +248 +252 +260 +261 +265 +289 }
    7 : 10  { +316 +317 +321 +322 +326 +337 +338 +342 +366 -394 }
    8 : 10  { +398 +399 +403 +410 +411 +415 +426 +427 +431 +456 }
    9 : 12  { +484 +485 +486 +490 +498 +499 +503 +515 +516 +520 +545 -576 }
   10 : 12  { +580 +581 +585 +586 +590 +598 +599 +603 +615 +616 +620 +645 }
   11 : 14  { +679 +680 +684 +691 +692 +696 +704 +705 +709 +721 +722 +726 +751 -789 }
   12 : 14  { +793 +794 +795 +799 +813 +814 +818 +826 +827 +831 +843 +844 +848 +873 }
   13 : 16  { +908 +909 +913 +914 +918 +932 +933 +937 +945 +946 +950 +962 +963 +967 +998 -1033 }
   14 : 16  { +1037 +1038 +1042 +1046 +1047 +1051 +1068 +1069 +1073 +1081 +1082 +1086 +1098 +1099 +1103 +1136 }
   15 : 18  { +1171 +1172 +1173 +1177 +1185 +1186 +1190 +1208 +1209 +1213 +1221 +1222 +1226 +1238 +1239 +1243 +1276 -1317 }
   16 : 18  { +1321 +1322 +1326 +1327 +1331 +1339 +1340 +1344 +1365 +1366 +1370 +1378 +1379 +1383 +1395 +1396 +1400 +1433 }
   17 : 20  { +1468 +1469 +1473 +1480 +1481 +1485 +1493 +1494 +1498 +1520 +1521 +1525 +1533 +1534 +1538 +1550 +1551 +1555 +1588 -1623 }
   18 : 20  { +1627 +1628 +1629 +1633 +1641 +1642 +1646 +1658 +1659 +1663 +1685 +1686 +1690 +1698 +1699 +1703 +1715 +1716 +1720 +1753 }
   19 : 22  { +1788 +1789 +1793 +1794 +1798 +1806 +1807 +1811 +1826 +1827 +1831 +1853 +1854 +1858 +1866 +1867 +1871 +1883 +1884 +1888 +1921 -1959 }
   20 : 22  { +1963 +1964 +1968 +1975 +1976 +1980 +1988 +1989 +1993 +2008 +2009 +2013 +2036 +2037 +2041 +2049 +2050 +2054 +2066 +2067 +2071 +2104 }
   21 : 24  { +2139 +2140 +2141 +2145 +2156 +2157 +2161 +2169 +2170 +2174 +2189 +2190 +2194 +2220 +2221 +2225 +2233 +2234 +2238 +2250 +2251 +2255 +2288 -2323 }
   22 : 24  { +2327 +2328 +2332 +2333 +2337 +2348 +2349 +2353 +2361 +2362 +2366 +2382 +2383 +2387 +2416 +2417 +2421 +2429 +2430 +2434 +2446 +2447 +2451 +2484 }
   23 : 26  { +2519 +2520 +2524 +2528 +2529 +2533 +2547 +2548 +2552 +2560 +2561 +2565 +2581 +2582 +2586 +2615 +2616 +2620 +2628 +2629 +2633 +2645 +2646 +2650 +2683 -2727 }
   24 : 26  { +2731 +2732 +2733 +2737 +2745 +2746 +2750 +2765 +2766 +2770 +2778 +2779 +2783 +2799 +2800 +2804 +2833 +2834 +2838 +2846 +2847 +2851 +2863 +2864 +2868 +2901 }
   25 : 28  { +2940 +2941 +2945 +2946 +2950 +2961 +2962 +2966 +2981 +2982 +2986 +2994 +2995 +2999 +3015 +3016 +3020 +3049 +3050 +3054 +3062 +3063 +3067 +3079 +3080 +3084 +3117 -3156 }
   26 : 28  { +3160 +3161 +3165 +3172 +3173 +3177 +3191 +3192 +3196 +3211 +3212 +3216 +3224 +3225 +3229 +3245 +3246 +3250 +3279 +3280 +3284 +3292 +3293 +3297 +3309 +3310 +3314 +3347 }
   27 : 30  { +3386 +3387 +3388 +3392 +3400 +3401 +3405 +3423 +3424 +3428 +3443 +3444 +3448 +3456 +3457 +3461 +3477 +3478 +3482 +3514 +3515 +3519 +3527 +3528 +3532 +3544 +3545 +3549 +3582 -3624 }
   28 : 30  { +3628 +3629 +3633 +3634 +3638 +3646 +3647 +3651 +3669 +3670 +3674 +3689 +3690 +3694 +3702 +3703 +3707 +3723 +3724 +3728 +3764 +3765 +3769 +3777 +3778 +3782 +3794 +3795 +3799 +3832 }
   29 : 32  { +3871 +3872 +3876 +3883 +3884 +3888 +3896 +3897 +3901 +3919 +3920 +3924 +3939 +3940 +3944 +3952 +3953 +3957 +3973 +3974 +3978 +4014 +4015 +4019 +4027 +4028 +4032 +4044 +4045 +4049 +4082 -4122 }
   30 : 32  { +4126 +4127 +4128 +4132 +4143 +4144 +4148 +4156 +4157 +4161 +4182 +4183 +4187 +4202 +4203 +4207 +4215 +4216 +4220 +4236 +4237 +4241 +4277 +4278 +4282 +4290 +4291 +4295 +4307 +4308 +4312 +4345 }
   31 : 34  { +4385 +4386 +4390 +4391 +4395 +4406 +4407 +4411 +4419 +4420 +4424 +4449 +4450 +4454 +4469 +4470 +4474 +4482 +4483 +4487 +4503 +4504 +4508 +4544 +4545 +4549 +4557 +4558 +4562 +4574 +4575 +4579 +4612 -4661 }
   32 : 34  { +4385 +4612 +4665 +4669 +4673 +4674 +4678 +4692 +4693 +4697 +4705 +4706 +4710 +4736 +4737 +4741 +4756 +4757 +4761 +4769 +4770 +4774 +4790 +4791 +4795 +4831 +4832 +4836 +4844 +4845 +4849 +4861 +4862 +4866 }
   33 : 36  { +4385 +4612 +4665 +4866 +4938 +4942 +4950 +4951 +4955 +4970 +4971 +4975 +4983 +4984 +4988 +5014 +5015 +5019 +5034 +5035 +5039 +5047 +5048 +5052 +5068 +5069 +5073 +5109 +5110 +5114 +5122 +5123 +5127 +5139 +5140 -5215 }
   34 : 33  { +4612 +4668 +4938 +5219 +5223 +5234 +5235 +5239 +5254 +5255 +5259 +5267 +5268 +5272 +5298 +5299 +5303 +5318 +5319 +5323 +5331 +5332 +5336 +5352 +5353 +5357 +5393 +5394 +5398 +5406 +5407 +5411 +5429 }
   35 : 36  { +4612 +4666 +5219 +5429 +5500 +5504 +5508 +5519 +5520 +5524 +5540 +5541 +5545 +5553 +5554 +5558 +5584 +5585 +5589 +5604 +5605 +5609 +5617 +5618 +5622 +5638 +5639 +5643 +5679 +5680 +5684 +5692 +5693 +5697 -5712 -5780 }
   36 : 36  { +4385 +4612 +5429 +5504 +5697 -5712 +5786 -5787 +5791 +5795 +5807 +5808 +5812 +5831 +5832 +5836 +5844 +5845 +5849 +5875 +5876 +5880 +5895 +5896 +5900 +5908 +5909 +5913 +5929 +5930 +5934 +5970 +5971 +5975 +5983 +5984 }
   37 : 34  { +4612 +4668 +5429 -5712 +5791 +6068 -6069 +6073 +6077 +6089 +6090 +6094 +6116 +6117 +6121 +6129 +6130 +6134 +6160 +6161 +6165 +6180 +6181 +6185 +6193 +6194 +6198 +6214 +6215 +6219 +6255 +6256 +6260 -6350 }
   38 : 32  { +4612 +5503 +6073 +6356 -6357 +6361 +6365 +6377 +6378 +6382 +6404 +6405 +6409 +6417 +6418 +6422 +6448 +6449 +6453 +6468 +6469 +6473 +6481 +6482 +6486 +6502 +6503 +6507 +6546 +6547 +6551 +6572 }
   39 : 35  { +4385 +5501 +5790 +6361 +6551 +6572 +6639 -6640 +6644 +6648 +6660 +6661 +6665 +6690 +6691 +6695 +6703 +6704 +6708 +6734 +6735 +6739 +6754 +6755 +6759 +6767 +6768 +6772 +6788 +6789 +6793 +6833 +6834 +6876 -6919 }
   40 : 32  { +4668 +5788 +6072 +6572 +6644 +6874 +6876 +6931 -6932 +6936 +6940 +6952 +6953 +6957 +6985 +6986 +6990 +6998 +6999 +7003 +7029 +7030 +7034 +7049 +7050 +7054 +7062 +7063 +7067 +7083 +7084 +7088 }
   41 : 33  { +5500 +6070 +6572 +6874 +6876 +6936 +7208 +7217 -7218 +7222 +7226 +7238 +7239 +7243 +7272 +7273 +7277 +7285 +7286 +7290 +7316 +7317 +7321 +7336 +7337 +7341 +7349 +7350 +7354 +7370 +7371 +7375 -7484 }
   42 : 32  { +6874 +6876 +7222 +7375 +7490 +7496 -7497 +7506 -7507 +7511 +7515 +7527 +7528 +7532 +7561 +7562 +7566 +7574 +7575 +7579 +7605 +7606 +7610 +7625 +7626 +7630 +7638 +7639 +7643 +7659 +7660 +7710 }
   43 : 33  { +6874 +6876 +7488 +7511 +7710 +7767 +7773 -7777 +7786 -7787 +7791 +7795 +7807 +7808 +7812 +7841 +7842 +7846 +7854 +7855 +7859 +7885 +7886 +7890 +7905 +7906 +7910 +7918 +7919 +7923 +7945 -7986 -8040 }
   44 : 33  { +6874 +6876 +7710 +7765 +7791 +7945 -7986 +8046 +8052 -8056 +8066 -8067 +8071 +8075 +8087 +8088 +8092 +8121 +8122 +8126 +8134 +8135 +8139 +8165 +8166 +8170 +8185 +8186 +8190 +8198 +8199 +8203 -8222 }
   45 : 35  { +4385 +6874 +6876 +7710 +7945 -7986 +8071 +8203 -8222 +8311 -8315 +8321 -8325 +8335 -8336 +8340 +8344 +8356 +8357 +8361 +8390 +8391 +8395 +8403 +8404 +8408 +8434 +8435 +8439 +8454 +8455 +8459 +8467 +8468 -8576 }
   46 : 31  { +4668 +6874 +6876 +7710 +7945 -7986 -8222 +8340 +8582 -8589 +8595 -8599 +8609 -8610 +8614 +8618 +8630 +8631 +8635 +8664 +8665 +8669 +8677 +8678 +8682 +8708 +8709 +8713 +8728 +8729 +8733 }
   47 : 31  { +5503 +6874 +6876 +7710 -7986 +8614 +8851 -8858 +8864 -8868 +8878 -8879 +8883 +8887 +8899 +8900 +8904 +8936 +8937 +8941 +8949 +8950 +8954 +8980 +8981 +8985 +9000 +9001 +9005 +9030 -9123 }
   48 : 33  { +4385 +5501 +5790 +6874 +6876 +7710 -7986 +8883 +9005 +9030 +9129 -9139 +9145 -9149 +9159 -9160 +9164 +9168 +9180 +9181 +9185 +9218 +9219 +9223 +9231 +9232 +9236 +9262 +9263 +9267 +9282 +9283 -9308 }
   49 : 31  { +4668 +5788 +6072 +6874 +6876 +7710 -7986 +9030 +9164 -9308 +9390 -9404 +9410 -9414 +9424 -9425 +9429 +9433 +9445 +9446 +9450 +9483 +9484 +9488 +9496 +9497 +9501 +9527 +9528 +9532 -9651 }
   50 : 30  { +5500 +6070 +6874 +6876 +7208 +7710 -7986 +9030 -9308 +9429 +9657 -9671 +9677 -9681 +9691 -9692 +9696 +9700 +9712 +9713 +9717 +9751 +9752 +9756 +9764 +9765 +9769 +9795 +9796 +9800 }
   51 : 29  { +6874 +6876 +7490 +7496 -7497 +7710 -7986 +9696 +9800 +9914 -9928 +9934 -9938 +9948 -9949 +9953 +9957 +9969 +9970 +9974 +10008 +10009 +10013 +10021 +10022 +10026 +10052 +10053 -10164 }
   52 : 26  { +6874 +6876 +7488 +7767 +7773 -7777 +9953 +10176 -10190 +10196 -10200 +10210 -10211 +10215 +10219 +10231 +10232 +10236 +10270 +10271 +10275 +10283 +10284 +10288 +10320 +10367 }
   53 : 33  { +6874 +6876 +7765 +8046 +8052 -8056 +8066 -8067 +8878 -8879 +9691 -9692 +10215 +10320 +10367 -10440 -10450 +10460 -10461 +10465 +10469 +10481 +10482 +10486 +10520 +10521 +10525 +10533 +10534 +10538 -10567 -10607 -10651 }
   54 : 31  { +4385 +6874 +6876 +8311 -8315 +8321 -8325 +8335 -8336 +9159 -9160 +9948 -9949 +10320 +10367 +10465 +10538 -10567 -10607 +10704 -10705 +10709 +10713 +10725 +10726 +10730 +10764 +10765 +10769 +10777 +10778 }
   55 : 29  { +4668 +6874 +6876 +8582 -8589 +8595 -8599 +8609 -8610 +9424 -9425 +10210 -10211 +10320 +10367 -10567 -10607 +10709 +10944 -10945 +10949 +10953 +10965 +10966 +10970 +11004 +11005 +11009 -11137 }
   56 : 26  { +5503 +6874 +6876 +8851 -8858 +8864 -8868 +8878 -8879 +9691 -9692 +10367 +10460 -10461 -10607 +10949 +11194 -11195 +11199 +11203 +11215 +11216 +11220 +11254 +11255 +11259 }
   57 : 29  { +4385 +5501 +5790 +6874 +6876 +9129 -9139 +9145 -9149 +9159 -9160 +9948 -9949 +10367 -10607 +10704 -10705 +11199 +11259 +11433 -11434 +11438 +11442 +11454 +11455 +11459 +11493 +11494 -11605 }
   58 : 25  { +4668 +5788 +6072 +6874 +6876 +9390 -9404 +9410 -9414 +9424 -9425 +10210 -10211 +10367 -10607 +10944 -10945 +11438 +11672 -11673 +11677 +11681 +11693 +11694 +11698 }
   59 : 28  { +5500 +6070 +6874 +6876 +7208 +9657 -9671 +9677 -9681 +9691 -9692 +10460 -10461 +10949 +11194 -11195 +11199 +11438 +11677 -11901 +11905 +11909 +11921 +11922 +11926 +11966 +12009 -12053 }
   60 : 26  { +6874 +7490 +7496 -7497 +9914 -9928 +9934 -9938 +9948 -9949 +10704 -10705 +11199 +11433 -11434 +11438 +11677 +11905 +11926 +11966 +12126 +12130 +12142 +12143 -12183 +12222 }
   61 : 51  { +5697 +5984 +6268 +6551 +6834 +6874 +7128 +7488 +7767 +7773 -7777 +8203 +8468 +8741 +9005 +9030 +9283 -9308 +9547 +10176 -10190 +10196 -10200 +10210 -10211 +10320 +10538 -10567 +10778 +10944 -10945 +11017 +11259 +11438 +11494 +11672 -11673 +11677 +11732 +11905 +11926 +11966 +12126 +12143 -12183 +12222 +12325 +12329 +12341 -12416 -12446 }
   62 : 67  { +66 +4665 +4666 +4938 +5140 +5423 +5429 +5984 +6268 +6356 +6357 +6834 +6874 +6876 +7128 +7134 +7217 +7422 +7660 +7710 +7765 +7939 +7945 +8052 +8056 +8468 +8741 +8879 +9030 +9283 +9547 +9553 +9691 +10053 +10314 +10320 +10367 +10423 +10440 +10446 +10450 +10464 +10778 +11017 +11194 +11195 +11294 +11494 +11532 +11732 +11738 +11770 +11900 +11901 +11908 +11966 +12126 +12143 +12183 +12219 +12325 +12341 +12347 +12416 +12450 +12536 +12540 }
Outputs:
    0 :  1  { +72 }
    1 :  1  { +84 }
    2 :  1  { +106 }
    3 :  1  { +139 }
    4 :  1  { +185 }
    5 :  1  { +245 }
    6 :  3  { -312 -308 +307 }
    7 :  1  { +397 }
    8 :  3  { -480 -476 +475 }
    9 :  1  { +579 }
   10 :  3  { -675 -671 +670 }
   11 :  1  { +792 }
   12 :  3  { -904 -900 +899 }
   13 :  1  { +1036 }
   14 :  3  { -1167 -1163 +1162 }
   15 :  1  { +1320 }
   16 :  3  { -1464 -1460 +1459 }
   17 :  1  { +1626 }
   18 :  3  { -1784 -1780 +1779 }
   19 :  1  { +1962 }
   20 :  3  { -2135 -2131 +2130 }
   21 :  1  { +2326 }
   22 :  3  { -2515 -2511 +2510 }
   23 :  1  { +2730 }
   24 :  3  { -2936 -2932 +2931 }
   25 :  1  { +3159 }
   26 :  3  { -3382 -3378 +3377 }
   27 :  1  { +3627 }
   28 :  3  { -3867 -3863 +3862 }
   29 :  1  { +4125 }
   30 :  3  { -4381 -4377 +4376 }
   31 :  1  { +4664 }
   32 :  3  { -4934 -4930 +4929 }
   33 :  1  { +5218 }
   34 :  3  { -5494 -5490 +5489 }
   35 :  1  { +5783 }
   36 :  3  { -6062 -6058 +6057 }
   37 :  1  { +6353 }
   38 :  3  { -6630 -6626 +6625 }
   39 :  1  { +6922 }
   40 :  3  { -7199 -7195 +7194 }
   41 :  1  { +7487 }
   42 :  3  { -7761 -7757 +7756 }
   43 :  1  { +8043 }
   44 :  3  { -8305 -8301 +8300 }
   45 :  1  { +8579 }
   46 :  3  { -8845 -8841 +8840 }
   47 :  1  { +9126 }
   48 :  3  { -9384 -9380 +9379 }
   49 :  1  { +9654 }
   50 :  3  { -9908 -9904 +9903 }
   51 :  1  { +10167 }
   52 :  3  { -10411 -10407 +10406 }
   53 :  1  { +10654 }
   54 :  3  { -10888 -10884 +10883 }
   55 :  1  { +11140 }
   56 :  3  { -11370 -11366 +11365 }
   57 :  1  { +11608 }
   58 :  3  { -11832 -11828 +11827 }
   59 :  1  { +12056 }
   60 :  3  { -12252 -12248 +12247 }
   61 :  1  { +12449 }
   62 :  1  { +12654 }
Finished computing equivalent nodes.  Time =     0.68 sec
Shifted one level up.
Moved 0 pairs of PPs to normalize the matrix.
Moved 0 pairs of PPs to normalize the matrix.
Box0: Matched 9 entries out of 18.
Box1: Matched 9 entries out of 1603.
Matching of adder trees in LHS and RHS succeeded.  Time =     0.71 sec
Networks are NOT EQUIVALENT. Output 5 trivially differs (different phase).  Time =     0.00 sec
INPUT: a = 66'h00000000000000000.  OUTPUT: z = 64'h0000000000000020 (miter), z = 64'h0000000000000000 (miter).
